Date,PNL,STD_A,STD_B,STD_C,STD_D,STD_E,STD_F,STD_G,STD_Sum,STD_Total,STD_Diff,Open_Vol,Perc_Change_Vol,Perc_Change_Price,Volume,Open_Int,Range,High_Diff,High_Vol,High_PC_Price,High_PC_Vol
2023-05-01,-87826.0,86468.49857536222,10878.838940445812,12334.135120148983,2815.1287351946858,34893.76049816454,1074.2300098171788,124562.41057805972,273027.0024571932,208302.92230197755,64724.08015521566,37.12,0.87,1.46,443900.0,1886091.0,2.1599999999999966,0,0,1,0
2023-04-28,21268.0,91845.33000725994,94278.58034081369,9297.392073911156,3480.016426604424,34194.61856781773,21482.9501922107,121529.22958746809,376108.11719608575,230086.8589419798,146021.25825410595,38.27,5.64,2.7,704355.0,1881769.0,2.989999999999995,1,0,1,1
2023-04-27,262982.0,94350.68883693768,21781.23636990481,8312.541272278031,642.8888215149547,25922.69959221999,13779.058313244506,118436.92185806343,283226.0350641634,219589.5305550008,63636.504509162594,40.67,3.8,0.62,784946.0,1880445.0,1.25,0,0,0,1
2023-04-26,-175431.0,114380.24814576244,16358.357475533736,19714.508052204543,2564.716940556257,34678.93943564083,9706.071672650976,118254.55726728564,315657.3989896344,228701.656092784,86955.74289685042,36.96,7.12,3.59,1084446.0,1862150.0,3.8800000000000097,0,0,1,1
2023-04-25,44683.0,111122.88895140238,13866.942815758845,9517.71060557215,5498.2908923089335,27595.620453765965,5983.0769141837445,118929.94940290847,292514.4800359005,209646.71389415796,82867.76614174253,33.85,6.88,2.15,784520.0,1826195.0,2.569999999999993,0,0,1,1
2023-04-24,-158487.0,115829.30413475064,15696.930527460076,6852.564182328637,6416.471473022736,29302.74359446092,16877.98703666304,123298.27183253795,314274.27278122405,230062.574495811,84211.69828541306,36.14,2.53,1.14,621205.0,1843366.0,2.460000000000008,0,0,0,0
2023-04-21,-258449.0,99371.6257291396,16764.233366407716,13248.113196257087,2055.277795044713,19260.989184614693,4650.710925136386,119948.878345188,275299.82854178816,198293.67335893717,77006.15518285098,35.2,3.41,0.65,638195.0,1862472.0,1.6700000000000017,0,0,0,1
2023-04-20,9902.0,98845.2892868239,356692.31788491714,20849.848096369307,948.0119147659886,34770.70721078347,3739.7859148974135,121022.86973852022,636868.8300470774,421358.1280013392,215510.70204573817,36.43,5.72,2.36,717943.0,1883270.0,2.0999999999999943,1,0,1,1
2023-04-19,-201752.0,80768.98170460301,15462.334692596633,12110.928566481038,8365.828099644305,34192.87389489861,3825.570788431392,115514.2698386414,270240.7875852964,191372.17219138503,78868.61539391134,36.17,2.23,2.05,689477.0,1894743.0,2.7099999999999937,0,0,1,0
2023-04-18,-108904.0,79857.07338427608,14300.634359465446,13764.37214439811,586.1055955154532,27336.294601338905,1961.735593622088,123397.68451778068,261203.90019639675,185931.3032831362,75272.59691326055,34.68,2.31,0.09,703111.0,1913192.0,1.6099999999999994,0,0,0,0
2023-04-17,-73973.0,85403.39956502589,10384.243467685412,11603.271925415536,538.1553562836756,29909.675795963,1841.2481008403608,129774.18556341052,269454.1797746244,200364.2023155969,69089.97745902752,34.85,1.29,1.94,722653.0,1919527.0,2.160000000000011,0,0,1,0
2023-04-14,-75260.0,95121.51968879729,22058.221990316197,31179.100086398103,6381.216677043637,33076.153630190915,26241.31244392376,136150.87682783304,350208.4013445029,217256.46736467857,132951.93397982436,34.07,0.82,0.48,825777.0,1896776.0,1.3499999999999943,1,0,0,0
2023-04-13,4030.0,94624.0940008598,19265.454176737967,21831.119125230496,6667.415855209424,27134.32364164212,4306.771827706635,153733.08273032765,327562.2613577141,223114.0280248861,104448.23333282798,34.65,2.85,1.26,683300.0,1883200.0,1.269999999999996,1,0,0,1
2023-04-12,-89611.0,84686.2306058832,21741.191861704225,24703.586558053383,951.5120393471772,27075.381046975686,16318.09486664089,153239.80497819296,328715.8019567975,192756.9677993661,135958.83415743138,34.13,1.43,1.96,977549.0,1896968.0,2.1700000000000017,1,0,1,0
2023-04-11,174751.0,76799.3454599541,20795.176784360883,7778.327090507973,2565.732192059245,25477.79531330857,10300.547549588691,155622.84421353828,299339.7686033178,223748.33580787867,75591.43279543912,38.43,0.23,2.16,791566.0,1875140.0,2.1499999999999915,0,0,1,0
2023-04-10,-350992.0,82815.57275711055,16612.177641281596,8974.926543918476,5389.450979201224,27054.40322493056,14711.84680421004,155012.472937054,310570.85088770645,232028.98518018052,78541.86570752593,37.59,1.29,1.13,607175.0,1875858.0,1.539999999999992,0,0,0,0
2023-04-06,36240.0,83882.78885844881,19374.92995149972,12768.412840964096,389.2851368936952,27320.454811445896,2571.3774609550383,148532.62346986882,294839.87253007607,232383.77525594685,62456.09727412922,38.72,11.19,0.06,674816.0,1889117.0,1.2800000000000011,0,0,0,1
2023-04-05,101906.0,93947.3640638626,18541.76625525941,24825.955745809588,921.860714878306,33377.123967085376,875.5400995888876,152023.06311525643,324512.67396174057,233507.1122269681,91005.56173477246,39.35,0.71,0.11,674772.0,1880340.0,1.5,0,0,0,0
2023-04-04,74801.0,91094.76750839494,11945.604210633794,8680.927659651266,6018.109249875605,26297.253342940232,13920.272753852534,154622.1560767764,312579.0908021248,213115.3197675559,99463.77103456893,38.26,0.18,0.35,897753.0,1858446.0,2.1700000000000017,0,0,0,0
2023-04-03,273065.0,73522.72614383338,22866.26892062745,13922.115719158748,1585.7345858056665,25750.182732483096,2104.2068762596487,186834.40869823773,326585.6436764057,216438.72596643883,110146.91770996689,43.16,2.11,6.12,1567311.0,1841698.0,2.7299999999999898,1,0,1,0
2023-03-31,82352.0,71947.25860453113,17539.596234940815,7426.413691128196,6115.5882297145645,23672.233413020476,16141.52255826828,202867.40832112936,345710.02105273283,260704.4515612838,85005.56949144905,43.33,4.0,1.76,755277.0,1838157.0,1.9399999999999977,0,0,1,1
2023-03-30,-334095.0,73052.90697540602,17333.799154906945,8446.790641297608,951.2636647560918,22986.940606080672,6707.727663035312,234313.0108679143,363792.4395733969,283235.29582677747,80557.14374661946,45.78,3.02,1.87,603589.0,1818389.0,1.9599999999999937,0,0,1,1
2023-03-29,116256.0,71321.17856322788,16284.788160616448,8427.560824965783,10156.024282748756,34998.02227953618,6030.780839853413,237532.01573887136,384750.3706898199,284976.5055632286,99773.86512659129,50.1,2.21,0.3,727604.0,1805944.0,1.5600000000000023,0,1,0,0
2023-03-28,245922.0,88961.76748678008,15491.493234500313,6154.654153760833,47690.1234229941,33101.58933239816,43235.44303765756,246971.58223547455,481606.6529035656,313913.3119396368,167693.3409639288,47.06,2.42,0.56,735489.0,1785807.0,1.710000000000008,1,0,0,0
2023-03-27,-148851.0,78536.62665155981,18206.78351635999,11941.448370020353,11675.999864690704,29345.999463792166,3017.859540807766,231486.3585301984,384211.0759374292,259786.4493434759,124424.62659395332,48.61,6.1,5.07,804458.0,1798836.0,3.930000000000007,1,0,1,1
2023-03-24,57661.0,76117.02066745097,14438.08815588355,9492.119199769124,450.8043824031676,30151.316505828006,2756.022015153754,225696.56685414576,359101.9377806343,259177.80232856085,99924.13545207347,53.47,3.11,1.01,818044.0,1823159.0,3.510000000000005,0,1,0,1
2023-03-23,183103.0,81446.16775466372,22767.347224925736,6241.406843802496,4764.034284047178,26200.49654776788,5035.818515927366,223435.98213079496,369891.2533019293,250160.3038171637,119730.94948476559,48.2,0.15,1.27,777064.0,1820292.0,2.490000000000009,1,0,0,0
2023-03-22,480804.0,92519.71794651003,15967.891601626005,6761.208998382991,532.5574583946594,26335.984589132117,2138.8578813196923,219382.91329283468,363639.1317682002,271158.5114075343,92480.6203606659,47.59,2.39,1.79,779335.0,1813692.0,2.4000000000000057,0,0,1,0
2023-03-21,-336942.0,67560.15866284337,107641.08633198624,7227.761544476385,5842.814002611024,29725.09681489505,1901.8135808781744,199688.65797446272,419587.38891215296,266074.89846025134,153512.49045190163,51.17,5.91,2.62,882211.0,1790595.0,2.75,1,1,1,1
2023-03-20,376033.0,74802.91359531455,18365.111637322814,6444.599348777838,1051.5008480366469,33450.689461524846,10503.398400148668,198035.0936714357,342653.30696256104,242118.8293145876,100534.47764797343,51.82,0.66,1.3,972108.0,1788446.0,3.480000000000004,0,1,0,0
2023-03-17,407644.0,71840.02950359283,24146.30933627667,6969.348345454042,5310.386522075747,34369.15221948141,21603.334691690256,193429.40350616165,357667.9641247326,232766.627000134,124901.33712459859,47.97,5.82,2.2,1337361.0,1795230.0,4.349999999999994,1,0,1,1
2023-03-16,598025.0,68964.2769332716,15180.471454992154,7519.457346120459,2403.067588307029,34996.59888402195,5852.004929389165,187708.62022736517,322624.49736346747,227579.20000344192,95045.29736002555,49.02,2.27,1.19,1027920.0,1790657.0,3.6200000000000045,0,1,0,0
2023-03-15,789447.0,78742.75394123816,22246.615509398354,4525.126598705139,19523.982894300672,30965.83065897227,22953.40624078856,172675.47335640687,351633.18919981003,222324.05128432685,129309.13791548318,54.15,5.0,5.24,1752725.0,1782299.0,6.8799999999999955,1,1,1,1
2023-03-14,-102582.0,93766.54674273275,22233.142682243622,8639.24461648202,1204.4637809400515,25736.908459781,1989.015649670006,180937.54461472903,334506.8665465785,247654.0493569741,86852.81718960436,42.03,24.34,4.51,1066434.0,1767660.0,4.019999999999996,0,0,1,1
2023-03-13,53328.0,75519.86601725362,12016.099599862457,5935.584022295866,911.167065605023,21598.241036878288,3117.6960368951068,180980.42429610307,300079.07807489345,212894.7969216606,87184.28115323285,39.29,3.73,2.41,993307.0,1772536.0,5.049999999999997,0,0,1,1
2023-03-10,112102.0,77842.1743099515,23903.461643379156,7215.500316129363,9491.594337368157,34994.59064590994,39641.6232781562,169809.3711679037,362898.315698798,227839.5329785425,135058.7827202555,36.14,5.45,1.21,767364.0,1769780.0,2.25,1,0,0,1
2023-03-09,212039.0,77993.9432194245,24622.833688590224,5748.146706878343,372.1612044079639,34148.36421073164,38732.253882446304,174858.81693311335,356476.5198455923,207636.62768651271,148839.8921590796,32.81,4.4,1.26,786358.0,1769150.0,2.5900000000000034,1,0,0,1
2023-03-08,130570.0,78038.46480284834,20890.40897132981,7924.45231702772,333.1978336910174,23258.729722704284,25208.77957594404,170305.68417966008,325959.7174032053,210029.7064822942,115930.0109209111,33.82,1.1,1.11,709773.0,1759977.0,1.5899999999999892,1,0,0,0
2023-03-07,-59199.0,83952.24465856634,15454.519769998227,5899.070303629671,3558.851696908955,35046.78260795171,31956.97081909308,173227.6710723745,349096.11092852254,240693.82905453508,108402.28187398746,32.83,2.21,3.48,853837.0,1755027.0,3.760000000000005,1,0,1,0
2023-03-06,4977.0,73533.74697813159,15314.25528748104,4205.318219350284,1120.7040937729962,33076.63581247177,23122.59754547451,169656.5706817647,320029.82861844683,211069.15217808908,108960.67644035775,35.92,6.16,0.93,594327.0,1754733.0,2.25,1,0,0,1
2023-03-03,241156.0,67733.43700184209,17767.91931644284,17396.723798178617,2701.2527307498844,34477.63337812324,6189.508695835211,161620.26468188575,307886.7396030576,188232.17266413508,119654.56693892254,37.21,1.15,1.89,762602.0,1757818.0,3.9299999999999926,1,0,1,0
2023-03-02,404977.0,73186.19677296825,15276.83953342642,6478.898448800417,468.16009843669553,20155.40609481773,20375.612901749995,172805.51176177186,308746.62561197137,204029.90774196663,104716.71787000474,37.25,2.78,0.63,520880.0,1754383.0,1.3200000000000074,1,0,0,1
2023-03-01,157700.0,79763.775858776,11244.755539841852,4729.7731176547695,2975.504189984349,28726.36590668027,30451.08532070124,183649.68761518365,341540.9475488221,227585.210955559,113955.73659326308,36.58,3.42,0.86,690681.0,1755350.0,1.6699999999999875,1,0,0,1
2023-02-28,-157433.0,92624.7099650967,227392.597561674,4202.11137534152,2246.789521780708,31472.616013511662,1737.6321306986197,182637.18462844155,542313.6411965447,343521.54977749934,198792.0914190454,38.15,5.67,1.78,634521.0,1750212.0,2.2099999999999937,1,0,1,1
2023-02-27,-207320.0,78640.25916578033,16879.284639766254,4096.79359775138,1449.4869042411883,33808.08707620151,5708.489985208909,187078.8907627598,327661.2921317094,234360.40227024007,93300.88986146933,39.7,0.81,0.9,524794.0,1750215.0,1.7999999999999972,0,0,0,0
2023-02-24,100924.0,71616.24409704754,22370.69012879761,6160.546179826114,3407.165425440239,35394.38728839835,9651.507620132934,177809.7196669359,326410.26040657866,206924.9737139221,119485.28669265655,37.63,1.53,1.06,671537.0,1757139.0,2.3499999999999943,1,0,0,0
2023-02-23,199544.0,68462.06644862054,23647.682941004063,8870.626825877223,15790.362220675788,30240.909502443705,10515.131221777678,206157.3430363906,363684.1221967896,242626.68433666127,121057.43786012832,39.4,4.35,1.84,786141.0,1771746.0,2.049999999999997,1,0,1,1
2023-02-22,61737.0,62006.84309549999,19507.964672014365,7826.385086999879,8955.052459014954,29968.013245203645,33797.84048398402,200583.3024460913,362645.4014888081,227421.57030412965,135223.83118467845,37.56,3.54,2.94,735885.0,1782094.0,2.5799999999999983,1,0,1,1
2023-02-21,184049.0,68276.75879300685,175359.0965524258,7287.6700346971875,8006.355651540836,21363.961525082115,21225.886279001563,207844.1693960026,509363.8982317569,299787.53370407154,209576.36452768533,37.88,2.8,0.2,687683.0,1753386.0,1.769999999999996,1,0,0,1
2023-02-17,244748.0,79593.62032349125,24288.627575684244,8097.397594921133,1648.040636880265,31372.534322283103,5577.004590150121,255852.14469928292,406429.369742693,285885.5136062208,120543.8561364722,36.08,2.88,2.74,737566.0,1768112.0,3.1099999999999994,1,0,1,1
2023-02-16,46769.0,79216.72856196045,15484.06213859951,16221.642422963072,663.2972456234668,27217.49093639597,15164.329797657105,256984.96288141463,410952.51398461417,285557.7524671471,125394.7615174671,36.43,1.88,0.18,547897.0,1787275.0,1.5300000000000011,1,0,0,0
2023-02-15,-3668.0,68226.55246651084,17045.2543728715,7870.466409214439,1836.2869782599348,31099.63110274192,9895.704390015038,266190.0302240039,402163.9259436176,313977.4322734492,88186.49367016839,37.4,2.65,0.45,666938.0,1806591.0,1.8900000000000006,0,0,0,0
2023-02-14,228912.0,91023.8919978152,18886.99981359414,9843.372209475116,11843.484878390616,34324.5909358222,39737.49824187425,274115.0806984632,479774.9187754347,323092.3353284862,156682.5834469485,39.15,2.91,1.23,840147.0,1821601.0,2.0600000000000023,1,0,0,1
2023-02-13,10315.0,73759.51981490078,24433.227992507134,7919.951808513453,1710.973793873476,29814.564026999087,1695.3841377537303,268843.62881627475,408177.2503908224,313551.55349375453,94625.69689706789,36.06,5.24,0.51,814248.0,1818358.0,1.980000000000004,0,0,0,1
2023-02-10,179363.0,59662.847725275205,16991.48691661538,5037.815901605033,11466.532935689487,34225.06216497487,9201.762710110988,260059.8410411279,396645.34939539887,298933.39127185853,97711.95812354033,35.81,0.39,2.04,880182.0,1803375.0,2.739999999999995,0,0,1,0
2023-02-09,59417.0,66482.25629862885,19702.681058128102,11900.727492027449,6613.560002916584,36546.63418116891,2785.413299178239,245014.10046668083,389045.372798729,258580.6780097989,130464.6947889301,35.24,3.43,0.58,777697.0,1788438.0,2.180000000000007,1,0,0,1
2023-02-08,364592.0,52846.8951202737,20289.76285995488,7962.498029488995,9922.78127708026,36468.25573685543,14683.34165692525,248715.01675907936,390888.55143965787,266313.48669354327,124575.0647461146,36.31,0.78,1.61,840327.0,1792412.0,1.4399999999999977,1,0,1,0
2023-02-07,476922.0,77913.20161956488,20394.51017672987,5943.38962195671,2969.0746036095284,34993.54964831867,38268.04768076361,243565.95484149805,424047.7281924413,266841.7785172064,157205.9496752349,38.95,4.14,3.65,1041408.0,1791955.0,2.9099999999999966,1,0,1,1
2023-02-06,455874.0,72652.87214116461,23684.966607354432,3304.072617760128,16629.048308510915,34466.98351278964,65505.993487487256,221804.14421201055,438048.0808870776,252403.23167837385,185644.84920870376,39.81,1.42,1.05,857900.0,1802117.0,2.2099999999999937,1,0,0,0
2023-02-03,216656.0,83009.2719678049,21993.70589626653,7607.569207479858,2683.707231135994,32548.953077009224,3469.392695679261,239566.3408506106,390878.9409259864,257869.80796522528,133009.1329607611,39.37,2.57,3.14,973054.0,1775843.0,4.6699999999999875,1,0,1,0
2023-02-02,320386.0,59141.30937999246,18850.24090444796,5222.336209672848,894.663312659324,34936.54281458373,8413.669383130795,248337.19571037777,375795.95771486487,257404.3031832772,118391.65453158767,39.07,1.32,0.61,745967.0,1750696.0,2.1299999999999955,1,0,0,0
2023-02-01,249042.0,63524.326826284654,19991.5727649429,3726.959478568679,3159.189978099909,33171.180237207525,13514.047759149336,252475.5757999735,389562.8528442265,257046.05665702024,132516.7961872063,37.53,1.45,3.07,789306.0,1726724.0,3.5400000000000063,1,0,1,0
2023-01-31,317618.0,64749.23999444224,72675.18150551313,7941.308739610008,11119.119899491674,28130.575228063582,15333.951546056189,250443.84150139545,450393.2184145722,287725.594209722,162667.62420485017,40.36,4.06,1.3,678120.0,1726378.0,2.5900000000000034,1,0,0,1
2023-01-30,-173255.0,60620.75849817487,22090.417369112303,4123.300226790911,24789.85056600475,32765.557184193098,44622.46129526645,257674.62996237332,446686.97510191577,295189.0591626458,151497.91593927,39.76,4.09,2.17,666875.0,1711398.0,2.75,1,0,1,1
2023-01-27,375532.0,59896.14466285531,25242.20031408993,9108.418826798745,11136.093701889517,34989.44071924623,14483.292874736322,262102.01523404053,416957.6063336566,314144.2121436135,102813.3941900431,38.89,1.26,1.6,814432.0,1697557.0,3.200000000000003,1,0,1,0
2023-01-26,-323573.0,47400.197384553285,22196.801763099837,14100.667874901506,11246.796658605685,32349.033304020333,3362.3138645574727,245480.68782922212,376136.49867896026,272894.9949080216,103241.50377093867,38.96,1.09,0.96,668068.0,1681911.0,2.0799999999999983,1,0,0,0
2023-01-25,-234921.0,53623.89462954905,21746.11660356567,16412.59974844222,161.5057913457459,24931.67001616101,4114.946008601933,250262.32508046017,371253.0578781258,275392.6653651935,95860.3925129323,39.88,0.73,0.05,645939.0,1666551.0,1.6800000000000068,0,0,0,0
2023-01-24,119711.0,67932.9404036675,23128.946281270488,12708.390854588964,15828.023910245103,35142.72123442431,30107.36166005047,259145.14535829224,443993.5297025391,274737.236677737,169256.29302480211,38.33,2.57,1.81,697723.0,1660450.0,2.3799999999999955,1,0,1,0
2023-01-23,134280.0,79975.37252895029,22396.556370722534,5024.295379475202,3402.0428100578824,39292.70356538684,16770.55442486179,256333.3549141905,423194.87999364507,268303.33512311534,154891.54487052973,40.5,1.35,0.27,830920.0,1643165.0,1.5799999999999983,1,0,0,0
2023-01-20,120656.0,96876.57198580448,20632.57649238253,8364.890634115116,4052.0827606358966,36886.77222357006,14252.290172004006,265188.215467907,446253.3997364191,289943.854892865,156309.5448435541,40.56,3.1,1.21,741196.0,1616175.0,1.8400000000000034,1,0,0,1
2023-01-19,-17149.0,101914.31205374416,22110.898259372927,14614.274049228154,7515.684449941965,34594.24377268374,19995.75184351294,280162.08002813166,480907.24445661553,316534.9691068173,164372.2753497982,41.83,0.59,1.04,772121.0,1615815.0,2.8700000000000045,1,0,0,0
2023-01-18,368871.0,92501.09770217228,19990.923952133697,14048.461243533524,932.62307627741,14739.437868697474,15468.824582628324,251756.2885313884,409437.6569568311,277390.9945836143,132046.66237321682,40.45,2.12,0.57,987271.0,1621408.0,3.2099999999999937,1,0,0,0
2023-01-17,-230922.0,85032.00812068945,19870.815357458687,20725.845231621537,1553.4834097973358,19453.78912734376,6740.29538762506,252914.51049424495,406290.7471287808,273630.7276949484,132660.01943383244,40.13,5.0,0.35,1168571.0,1613466.0,2.589999999999989,1,0,0,1
2023-01-13,437442.0,64692.02218236574,22956.447889830008,19231.12282951905,6427.031717466952,29154.322587376213,30911.65675213876,255586.2229201153,428958.8268788121,263502.7174418113,165456.10943700082,38.85,2.77,1.7,895954.0,1595867.0,2.049999999999997,1,0,1,1
2023-01-12,21105.0,68610.82714596431,17803.176312405896,8295.254135295016,3493.9087521263623,25082.044774176848,6745.288788032685,265768.59609983617,395799.0960078373,290230.3167353891,105568.77927244816,40.6,4.64,1.18,928128.0,1574676.0,1.970000000000013,1,0,0,1
2023-01-11,-18073.0,53069.27110760787,18373.789706261643,12703.573335096551,554.7870871359189,30918.461278785628,3948.7212060838856,301823.33278695657,421391.93650792807,326734.185690652,94657.75081727607,41.38,0.99,2.9,1005420.0,1577926.0,3.2900000000000063,0,0,1,0
2023-01-10,118372.0,77489.06478222818,16088.879969409858,13383.824572729443,315.8387304836026,16298.381615936758,18634.448702963666,311927.70890644426,454138.1472801957,321482.3615900998,132655.78569009592,42.39,2.69,0.45,863813.0,1557092.0,1.769999999999996,1,0,0,1
2023-01-09,115995.0,51411.72881186572,18778.951328421383,11961.57488740501,931.278647500808,29453.820863283785,13146.700772369357,334587.2304012847,460271.2857121308,354917.8439299195,105353.4417822113,43.97,0.44,1.33,817571.0,1534440.0,2.9000000000000057,1,0,0,0
2023-01-06,173081.0,70441.28225792796,22105.323342403502,7920.674844214544,498.7337008147233,32113.269105513948,12799.27063850206,336289.8239261575,482168.37781553424,327065.3139131176,155103.06390241662,44.76,2.25,0.22,608676.0,1515033.0,2.1299999999999955,1,0,0,0
2023-01-05,526935.0,50600.14517210685,15153.982066847377,11758.043806525086,1904.6368142846184,28868.211611963547,9539.64857296874,268042.5379524834,385867.2059971796,282641.163455731,103226.04254144861,46.88,4.15,1.06,706565.0,1504805.0,2.1899999999999977,1,0,0,1
2023-01-04,215843.0,76517.83335186333,24360.063736273707,13317.584696392323,552.7033674926331,33052.34574422367,11696.418949587554,241461.4870391612,400958.4368849944,269992.3746208998,130966.0622640946,46.19,3.83,4.75,899027.0,1501468.0,4.280000000000001,1,0,1,1
2023-01-03,486106.0,57097.62620248539,17618.396163521127,14617.18476107048,1089.2153273271433,19011.90186055645,19690.229144513723,236846.45678882636,365971.0102483006,250024.1272250749,115946.88302322573,42.74,6.98,3.7,812025.0,1459936.0,4.210000000000008,1,0,1,1
2022-12-30,154161.0,58779.4674944302,95364.37495215218,9347.056350734738,10315.85964665854,24509.47460370587,18889.22141172181,246405.34827754888,463610.8027369522,271203.7917268366,192407.01101011562,42.83,3.15,2.51,460409.0,1440291.0,2.8400000000000034,1,0,1,1
2022-12-29,-116445.0,62985.13245648846,19773.65452908625,15073.23665748931,3091.737382344468,23320.31877228406,8198.336704004045,248718.0820236065,381160.4985253031,255891.15507699028,125269.34344831281,44.04,3.07,0.75,396959.0,1430173.0,1.8700000000000045,1,0,0,1
2022-12-28,103981.0,68587.61458819141,16127.192095464963,6054.703876289835,1907.7169926291283,24361.32366007809,2570.314197428002,252445.33480825613,372054.2002183376,281301.1481053782,90753.05211295938,42.58,1.03,0.61,421323.0,1415605.0,2.3700000000000045,0,0,0,0
2022-12-27,137204.0,55598.48686933309,19698.671164320123,7542.940524355245,1264.5225861608994,15443.371310314573,9081.817732543128,256397.23672193172,365027.0469089588,262954.77503384737,102072.27187511144,44.7,5.56,0.27,459899.0,1413545.0,1.7199999999999989,0,0,0,1
2022-12-23,-759112.0,45791.91535371319,19207.597341437813,5965.148535712207,1814.9679135163317,22809.67188639707,23555.960203065348,252156.35411634436,371301.6153501863,271550.4987551541,99751.11659503222,43.87,1.41,3.21,501325.0,1404638.0,2.309999999999988,0,0,1,0
2022-12-22,99355.0,43569.36743584176,18157.83552663106,3924.612168757782,559.1202965564331,21940.88856031578,17011.316246366343,240113.90877926143,345277.0490137306,246348.88520161825,98928.16381211235,42.39,1.51,1.06,463326.0,1394843.0,2.5400000000000063,0,0,0,0
2022-12-21,-43359.0,70757.1049542876,18926.86418377872,5279.890277514703,5923.601128391911,24893.20872083827,2244.762040099011,261687.32345889552,389712.7547638057,270633.46995945385,119079.28480435186,43.15,1.46,2.27,559030.0,1399039.0,2.4099999999999966,1,0,1,0
2022-12-20,-61586.0,53062.06802350848,651487.6063300471,5926.912278582789,57.86829952058271,17903.170484946673,20049.59622825646,254715.518189807,1003202.7398346692,701439.3692453605,301763.3705893087,43.83,1.6,0.96,551304.0,1394021.0,2.1899999999999977,1,0,0,0
2022-12-19,44793.0,52857.26176554445,16451.642823468315,6540.836922361894,1716.8853173232465,17944.884721745027,2926.557114059566,278347.3869195963,376785.4555840988,279231.1281351271,97554.32744897174,44.86,0.43,1.01,575639.0,1397289.0,2.0700000000000074,0,0,0,0
2022-12-16,-256266.0,73849.50301153123,20237.402575030585,12188.599824127909,781.2332429423511,22819.382187674568,15447.037749880852,299801.2340831402,445124.3926743277,282843.9795246432,162280.4131496845,44.72,3.23,1.77,689612.0,1409494.0,2.6799999999999926,1,0,1,1
2022-12-15,-263655.0,85286.89630521118,24563.95860411615,6285.247405500055,442.0433176841114,22200.94248998926,2840.5280469329105,308053.622628887,449673.23879832064,320223.53083799017,129449.70796033047,44.8,4.5,1.86,713388.0,1413200.0,2.0,1,0,1,1
2022-12-14,38885.0,88698.28610392576,20075.77819546296,8425.33388837821,605.9487499010426,24013.15517119886,16265.288687389751,315626.5845167386,473710.3753129952,327975.2122036312,145735.16310936405,43.02,3.57,1.81,789613.0,1429706.0,2.219999999999999,1,0,1,1
2022-12-13,-246091.0,84705.97073916251,27574.633584627914,5884.288329323945,686.3639128437195,21022.23330390853,8327.499440178026,350444.8226308623,498645.8119409069,368254.9066962532,130390.9052446537,44.85,3.6,2.48,888046.0,1450482.0,2.3600000000000136,1,0,1,1
2022-12-12,86246.0,74685.13389971205,18839.03850077643,5117.17264933656,1552.613802072266,22300.909427286828,19223.673122063825,381154.5409736128,522873.0823748608,396583.32970019215,126289.75267466868,45.66,4.13,2.53,835779.0,1462221.0,3.010000000000005,1,0,1,1
2022-12-09,-48621.0,90801.62209876324,24197.279740080052,9276.894255814172,1351.0869466369363,18821.6863066644,3547.8244427009718,380242.1480034558,528238.5417941156,390742.1437201652,137496.39807395037,47.13,0.51,0.26,954585.0,1458924.0,2.059999999999988,1,0,0,0
2022-12-08,403838.0,98939.22872425348,21136.37586288733,7839.28244666362,5395.439120524904,22104.59851683601,4880.545068165958,354678.23906028434,514973.7087996156,353660.916372435,161312.79242718063,46.46,1.54,1.08,1352272.0,1448121.0,2.9199999999999875,1,0,0,0
2022-12-07,420853.0,75789.81182338536,21919.16500469567,8005.3463700463235,939.2343441577384,23868.54509457289,11212.482710353235,340623.4801504983,482358.0654977095,347611.7553016385,134746.310196071,45.91,3.34,2.55,979100.0,1447227.0,3.019999999999996,1,0,1,1
2022-12-06,598374.0,79148.0424399455,24297.47883273081,5724.057351038288,3199.1298217624194,20031.00412556124,6100.416320078089,358670.10594671674,497170.234837833,348683.0728344547,148487.16200337827,45.85,2.09,3.2,935416.0,1436728.0,4.070000000000007,1,0,1,0
2022-12-05,125508.0,72896.96412029187,25132.08491973241,4279.435792701919,1599.4537687539885,21599.460552146364,8153.809166603578,345795.5168343519,479456.725154582,358249.01228444104,121207.71287014097,47.34,0.76,3.0,854011.0,1437479.0,4.990000000000009,1,0,1,0
2022-12-02,-4926.0,97190.88773059347,26773.041598487,8601.0247770882,1128.4754383468044,23697.95197821594,16567.547751511684,360010.77756701055,533969.7068412537,403034.4294488911,130935.2773923626,46.0,0.33,0.73,662915.0,1410821.0,1.8400000000000034,1,0,0,0
2022-12-01,-30566.0,121418.37161519402,24799.82704212841,4692.868508724031,1314.4827554688457,19895.51389309357,6242.134977361699,351789.98287513945,530153.1816671101,414233.0490623716,115920.13260473846,50.03,1.17,0.0,742271.0,1414811.0,2.3900000000000006,1,1,,0
2022-11-30,173656.0,117096.76389086082,93117.65227019864,4566.006890219858,2713.528162720827,20102.649869257348,9643.386974382256,393959.7914806346,641199.7795382743,450212.5666711865,190987.2128670878,49.87,3.67,3.21,644016.0,1420782.0,2.589999999999989,1,1,1,1
2022-11-29,243303.0,83311.34029255409,37873.369945161015,5704.375917476524,1250.53197127243,21128.49134590873,29284.459633454317,376300.7981555277,554853.3672613548,399695.6584356889,155157.70882566593,49.81,5.19,1.29,811327.0,1412121.0,3.0799999999999983,1,1,0,1
2022-11-28,-25315.0,91110.05249753244,23796.450714384508,4322.500657980309,4092.925215765134,20907.284746903093,10620.449533144403,329110.9149881273,483960.5783538372,354807.38927202905,129153.18908180814,53.39,0.74,0.8,932664.0,1407065.0,3.450000000000003,1,1,0,0
2022-11-25,441237.0,104889.43273996993,21351.7398724289,5280.034376785268,2901.3978066857458,10971.89711096948,14861.740778256291,325636.7778278368,485893.0205129324,358664.8259254183,127228.1945875141,51.87,2.72,1.74,500845.0,1413346.0,3.0400000000000063,1,1,1,1
2022-11-23,382745.0,112130.0531743601,22823.67830421496,5153.1630182344325,884.3045106649901,19832.49818770505,3549.472811000136,312442.3503169993,476815.52032317896,369577.4321447091,107238.08817846986,47.89,11.36,2.09,813230.0,1413041.0,3.490000000000009,1,0,1,1
2022-11-22,-200953.0,85958.63581681107,23251.823319464223,4427.062630465717,604.810354756472,22904.08965413708,3585.6740810427173,315265.1285853572,455997.2244420345,349092.6785189844,106904.54592305009,46.78,1.72,0.69,570659.0,1403260.0,1.7399999999999949,1,0,0,0
2022-11-21,211959.0,60785.068497455904,46048.21174321722,5106.8566308166455,944.8737383146178,21183.55194791698,18046.10530165456,322861.5842863226,474976.2521456985,342983.1407982373,131993.11134746124,47.56,2.57,0.77,1066369.0,1415064.0,4.25,1,0,0,0
2022-11-18,93896.0,65762.33621777447,21662.90014614228,16545.147325129416,1486.6018244836498,21111.933456397543,2033.5357009433387,288722.0392063931,417324.4938772638,327977.0709727802,89347.42290448362,46.44,1.3,1.06,1167883.0,1439585.0,3.260000000000005,0,0,0,0
2022-11-17,56624.0,77010.747673665,19630.846816601155,8952.471590473662,2200.5337647195734,24376.714327060305,9923.21387151611,278641.8462569308,420736.3743009665,318712.519347222,102023.8549537445,45.77,0.49,2.87,1034811.0,1451894.0,2.6799999999999926,0,0,1,0
2022-11-16,41297.0,78093.2272609792,18801.194494148065,8325.1656055088,630.5778620903291,24600.25403248934,4586.598267186809,264975.8019672108,400012.8194896133,291329.6307556637,108683.18873394962,46.87,3.42,1.53,694275.0,1437134.0,2.5999999999999943,1,0,1,1
2022-11-15,28146.0,67550.40189073732,20321.39279542255,11109.603116114287,1067.381573483674,22966.936301344667,4887.205757638667,256058.69724354625,383961.61867828737,282902.537708679,101059.08096960839,47.52,5.18,1.8,940328.0,1469437.0,3.759999999999991,0,0,1,1
2022-11-14,-7382.0,66167.6631741691,22920.67803861366,6979.081808034343,2099.653601439593,24988.89077461677,11008.191438114904,242675.1853083574,376839.3441433458,244343.72422109148,132495.6199222543,45.43,5.61,2.57,826468.0,1485833.0,3.3799999999999955,1,0,1,1
2022-11-11,-91883.0,57317.08022611475,19763.596809197006,6876.306319495439,733.1476062149103,24564.12868779141,16046.800710890771,248028.32780810032,373329.38816780463,257035.11299392144,116294.27517388319,44.47,3.27,2.75,696142.0,1468011.0,3.180000000000007,1,0,1,1
2022-11-10,6755.0,35365.651984698816,21478.88300502825,6274.621108658987,182.02891339681904,20845.352438354726,4805.496141440393,230932.8006258034,319884.8342173814,226337.72247603763,93547.11174134375,46.46,4.19,0.72,748085.0,1453200.0,2.1099999999999994,0,0,0,1
2022-11-09,287154.0,43176.896735495335,20656.94745126544,6791.583136308049,572.237111426223,23079.250975495772,5639.058957771619,223819.63703136225,323735.61139912467,211396.2146662511,112339.39673287357,45.91,0.75,3.24,939237.0,1451641.0,3.1099999999999994,1,0,1,0
2022-11-08,216672.0,46025.83851917717,20181.49890183201,8089.056434842126,1598.7009811913215,20207.30618312013,11517.34863942878,239193.00382638696,346812.75348597846,259810.4347088334,87002.31877714506,45.76,0.16,2.52,795325.0,1446658.0,2.740000000000009,0,0,1,0
2022-11-07,-26444.0,28827.721691716444,18907.12338582867,8083.869066244104,1028.654332836273,20935.017424568818,4749.330486115942,244330.1976020586,326861.9139893688,252800.6437937769,74061.27019559193,45.88,5.03,0.26,717952.0,1454170.0,2.7700000000000102,0,0,0,1
2022-11-04,41884.0,44657.99236497715,27579.68253625168,10925.866419222397,1688.5018524954858,24663.79550615333,9912.051401192835,221160.947550442,340588.83763073484,251978.1926412032,88610.64498953163,46.77,2.22,4.2,823655.0,1469138.0,4.099999999999994,0,0,1,0
2022-11-03,-25689.0,52978.98376572101,23020.41424345161,5509.763404605353,681.5151200572041,23359.552924629552,12201.627862484722,208421.58889364355,326173.446214593,227181.5113765871,98991.93483800592,47.83,2.68,1.37,513158.0,1453870.0,1.6200000000000045,0,0,0,0
2022-11-02,202274.0,49711.00014298672,22775.88144032684,7395.681389171437,3089.8619265945063,23453.821605631365,12115.669171416388,222668.05369696175,341209.969373089,242689.39782071311,98520.57155237591,47.1,1.51,2.16,593384.0,1459758.0,2.3800000000000097,0,0,1,0
2022-11-01,96902.0,49499.05610349304,24308.142198164143,5820.843281158078,869.0354273083069,22937.80890043759,4031.785845647591,221898.799546244,329365.4713024528,237627.62759484115,91737.84370761164,47.79,0.78,1.79,558152.0,1459052.0,2.700000000000003,0,0,1,0
2022-10-31,-11724.0,50823.40066587408,114689.01775613024,7178.841060299179,1008.818149182962,20948.360739243933,12901.033460243883,223814.14146080767,431363.613291782,259489.4581417748,171874.15515000717,49.62,0.84,0.82,523819.0,1454097.0,2.3799999999999955,1,1,0,0
2022-10-28,-479094.0,53380.95050423815,30044.52640698473,8578.553123499509,1200.492912466294,23269.430275942286,2444.1780008730566,241714.6475047298,360632.7787287338,267663.8807441675,92968.89798456634,48.92,2.47,1.44,504681.0,1453285.0,1.519999999999996,0,1,1,0
2022-10-27,2204.0,49472.1221265026,24792.393233015973,9757.308647828291,1219.5902682819135,19578.6519172752,3560.876599395981,242193.0245448337,350573.9673371337,268958.706043575,81615.2612935587,48.05,0.91,0.99,619937.0,1451367.0,1.7099999999999937,0,0,0,0
2022-10-26,-60826.0,56276.65806822112,26304.41698431616,26068.01362661006,1404.9419678708225,21373.940114753623,5273.850485613172,206747.0358941657,343448.85714155063,251341.94953959747,92106.90760195316,47.08,2.71,2.03,556852.0,1442243.0,3.0,0,0,1,1
2022-10-25,-274463.0,67540.56915033373,24516.174691926877,32526.61521203345,850.2990524239544,23327.25663044254,3437.616623486849,211862.4703739384,364061.00173458585,253247.47115339787,110813.53058118798,47.16,1.0,1.15,483573.0,1436942.0,2.3999999999999915,1,0,0,0
2022-10-24,-196229.0,58448.33561359701,24252.45482287816,23782.890374941995,167.43856580779018,17743.008900134304,2751.698132156194,193981.23248709887,321127.0588966143,223425.4601727533,97701.59872386101,47.65,1.25,0.0,454678.0,1434285.0,2.8900000000000006,0,0,,0
2022-10-21,-264006.0,62736.26319171355,27654.1969101364,35564.849154227144,1503.0241642804103,24270.68788758872,14242.6088412865,186563.311618074,352534.9417673068,218711.27699300885,133823.66477429797,50.45,1.65,0.67,559397.0,1430747.0,1.9099999999999966,1,1,0,0
2022-10-20,19660.0,64495.11096763529,24591.013713334756,27582.92287819776,2573.8405073503523,23818.626681894053,4011.049666586079,193056.4045131505,340128.9689281488,220688.57243438848,119440.39649376032,50.43,0.42,0.79,721233.0,1434555.0,2.1599999999999966,1,1,0,0
2022-10-19,60645.0,82441.8247168527,19967.288059813345,27674.35477655544,3202.392519188404,21605.947446787057,2804.989852314908,196110.4242706344,353807.22164214624,233963.12556169732,119844.09608044892,52.25,2.73,1.77,881093.0,1435957.0,2.3200000000000074,1,1,1,1
2022-10-18,-516901.0,90458.61100275928,20788.3212592926,19238.45528378115,547.3533180767022,21324.210071746144,7484.661064765518,167395.42823792892,327237.0402383503,210913.8773200666,116323.16291828369,53.62,2.29,1.39,850841.0,1454431.0,2.930000000000007,1,1,0,0
2022-10-17,-325880.0,97228.83171554156,25007.53232405832,21967.922282574524,1589.8205021854744,18606.63472044905,2328.7734471128424,160532.72202812403,327262.2370200458,215699.7020011009,111562.53501894491,56.51,0.06,0.2,534659.0,1454545.0,1.8799999999999955,1,1,0,0
2022-10-14,108121.0,100744.82068638798,21778.02500681001,24407.463087229982,598.5148089447273,24145.96239969641,14889.290599678425,124255.41027896135,310819.48686770885,197932.7409935073,112886.74587420156,53.83,0.44,3.03,658783.0,1465253.0,3.1899999999999977,1,1,1,0
2022-10-13,-45833.0,88267.79079563494,18478.0500480804,29761.43375089456,612.0872605732662,17076.329935952384,1980.4288142098665,120230.44007473718,276406.56068008253,175358.86007540478,101047.70060467775,59.41,1.94,2.19,742902.0,1470403.0,3.260000000000005,0,1,1,0
2022-10-12,-218490.0,94946.95772979516,19917.87018348432,28934.021243414725,814.4251143687674,20429.46659555469,3892.366518526778,112734.3538027561,281669.4611879005,186981.3308343161,94688.13035358442,53.67,0.77,1.73,900837.0,1480446.0,2.730000000000004,0,1,1,0
2022-10-11,56495.0,103732.798466369,34776.59123278751,35165.30669039451,425.7535769866839,14374.27479836364,14029.313782484982,104789.5175764222,307293.5561238085,170421.9580590713,136871.5980647372,54.56,0.97,2.22,789939.0,1499498.0,3.219999999999999,1,1,1,0
2022-10-10,-251281.0,102175.82635633006,20153.492763775743,26894.682420318448,454.4210333679592,17451.329584247454,10012.056107302442,97768.45897491762,274910.2672402597,156464.28109656647,118445.98614369321,50.79,4.14,1.65,648450.0,1496660.0,2.8700000000000045,1,1,1,1
2022-10-07,-265049.0,117055.01774164784,24002.18350070753,28587.538154338257,306.5097747029667,14369.429770453662,3132.749391790589,96995.06670286972,284448.4950365106,169146.10073727046,115302.39429924011,54.42,0.47,2.82,1033901.0,1511340.0,3.6099999999999994,1,1,1,0
2022-10-06,18484.0,115926.65110897152,19548.04182043892,38677.14924784096,275.24944357669307,8144.476885476105,2681.25598998237,95536.86572815424,280789.6902244408,158761.8012664979,122027.88895794292,56.38,1.49,1.37,548360.0,1514066.0,2.2299999999999898,1,1,0,0
2022-10-05,-131919.0,125330.796057785,24037.39422628312,29976.90231500081,523.51359520898,16027.729750191767,5780.620542187524,86310.94017627547,287987.8966629327,162898.3401442478,125089.5565186849,58.51,8.92,2.42,813525.0,1506201.0,2.9000000000000057,1,1,1,1
2022-10-04,-259163.0,120420.49966392628,21511.6958160374,27048.5615083424,1062.7596379596675,13984.730350835423,9676.643543208962,82261.46833723427,275966.3588575444,157296.56500312968,118669.79385441469,58.5,5.81,3.36,768329.0,1495538.0,2.990000000000009,1,1,1,1
2022-10-03,-224475.0,116608.16328858164,20695.84922281743,31343.89603712669,1049.4847114774557,15466.823953588611,14649.095031986835,89442.03679863685,289255.34904421546,161303.71534900417,127951.63369521129,60.48,0.99,3.66,723564.0,1494932.0,2.509999999999991,1,1,1,0
2022-09-30,-21745.0,108685.38875543053,21294.21462823048,34322.536810069745,1091.1225511608486,10079.534311112116,12478.508719704729,97598.68733621755,285549.993111926,151793.1139425814,133756.8791693446,56.34,2.35,2.05,575808.0,1496804.0,2.780000000000001,1,1,1,0
2022-09-29,-125631.0,113355.5843154906,18842.51920592108,36422.302494098105,609.3768199225865,24867.706939588872,3759.186833146136,91186.34055998945,289043.01716815686,156335.0636953931,132707.95347276377,55.52,1.11,1.13,652880.0,1489732.0,1.9100000000000108,1,1,0,0
2022-09-28,117954.0,109264.62331078228,21255.308383697506,41889.02632998891,214.814386556452,13027.75878362154,5292.580692401297,100980.26067226156,291924.3725593096,150957.74457874356,140966.62798056603,56.42,1.56,3.7,837171.0,1495984.0,4.450000000000003,1,1,1,0
2022-09-27,-255849.0,88916.51582600575,22068.367911855083,31961.69946934617,475.8840301765771,11205.044486885488,15821.70626289864,101561.43040153556,272010.64838870324,155029.34291044067,116981.30547826257,56.47,1.39,1.25,687088.0,1504991.0,2.530000000000001,1,1,0,0
2022-09-26,-28734.0,84838.6863804148,27401.18488303408,30063.39979242388,1068.769515675889,15198.611269412278,5436.50711935209,93567.6186279621,257574.77758827512,156930.92403075958,100643.85355751554,53.37,11.53,2.83,574808.0,1515829.0,3.6999999999999886,0,1,1,1
2022-09-23,348271.0,89445.25383812435,18255.54521494535,38689.30250222978,264.1563684613791,5175.866167822196,2893.9179989593995,87514.53268166515,242238.5747722076,138990.71429597653,103247.86047623106,49.86,7.9,5.21,760895.0,1519566.0,4.8500000000000085,1,1,1,1
2022-09-22,-89568.0,88868.65369436338,21810.981586044087,35248.39523263965,959.361961923526,24871.784672146063,3563.9350713472563,87639.6332351534,262962.7454536174,140823.41390584325,122139.33154777417,48.73,3.19,0.88,676203.0,1493722.0,3.0799999999999983,1,1,0,1
2022-09-21,-27821.0,93315.87489584874,20266.7035288463,32634.175557084694,1009.1388590753896,12318.02008659168,3219.5920355932026,85151.44634450655,247914.95130754652,139276.80856609996,108638.14274144656,49.2,0.87,0.81,724154.0,1487434.0,3.200000000000003,1,1,0,0
2022-09-20,-187526.0,97830.7082610102,133351.13528605897,29012.426101232377,980.9305777164924,9441.745751430784,10371.11940956794,88857.38256235774,369845.44794937456,185395.70862431545,184449.7393250591,46.89,3.17,1.68,614452.0,1478966.0,2.3900000000000006,1,0,1,1
2022-09-19,77912.0,55139.649236355785,26263.50554443875,22365.417282428338,1775.2983622347244,8383.463606777404,6807.359755373691,96494.3002374312,217228.9940250399,127050.88621936814,90178.10780567175,48.22,1.45,0.48,583196.0,1478949.0,3.3599999999999994,0,0,0,0
2022-09-16,2510.0,57332.80986401534,50514.313015303305,16598.72169806516,236.03417697024707,15317.019727489413,5739.641341390712,106436.25279212724,252174.7926153614,135864.2515034085,116310.54111195289,45.71,1.74,0.06,602067.0,1487881.0,1.4699999999999989,1,0,0,0
2022-09-15,306105.0,79763.29691746824,34993.22552658609,6874.2613915400525,653.2423523432052,22107.831879256457,13452.22071299243,113306.16404101605,271150.2428212025,163464.467490765,107685.7753304375,48.77,2.21,4.27,725747.0,1488169.0,4.160000000000011,1,1,1,0
2022-09-14,256792.0,74579.31368460393,31054.961602649702,5435.952988385312,1083.7966142424114,19051.603397410472,22836.850503819576,117489.54137684066,271532.02016795205,166159.89141821006,105372.128749742,43.22,1.81,0.46,932408.0,1496829.0,2.4599999999999937,1,0,0,0
2022-09-13,-91715.0,59047.37816617049,29539.041020654116,2947.6263167415545,2468.256651527876,23601.14639341482,6633.463227636216,115271.11536087978,239508.02713702485,148794.44721882112,90713.57991820373,43.72,1.49,0.86,907195.0,1498059.0,3.469999999999999,0,0,0,0
2022-09-12,-139260.0,81635.70765343311,28817.943516692063,5619.369855079473,2052.2377832176007,12005.027066494014,5124.640859369471,115624.57502341268,250879.5017576984,160742.1728755781,90137.32888212029,41.7,9.6,1.5,691207.0,1494035.0,3.049999999999997,0,0,1,1
2022-09-09,291177.0,85217.51633305264,28005.72359532411,3146.845202651281,859.254678661257,19987.65815750381,5120.59190322048,94834.827462935,237172.41733334857,155773.8023597554,81398.61497359315,51.38,4.78,3.82,744259.0,1492240.0,3.6799999999999926,0,1,1,1
2022-09-08,-126096.0,76727.2760584608,29861.917536381134,4715.890974237951,841.809654396391,15442.4744905472,18589.635423258384,87848.62960581304,234027.6337430949,144371.126280899,89656.50746219588,52.2,3.81,0.86,802591.0,1505148.0,2.0400000000000063,0,1,0,1
2022-09-07,78921.0,93728.12177890244,31412.692224292765,4594.981127525589,2335.895658406285,14978.141825877365,8842.487453167743,87650.05211638115,243542.37218455336,162419.66139402607,81122.71079052729,51.92,6.64,4.9,911243.0,1511051.0,4.820000000000007,0,1,1,1
2022-09-06,-212943.0,76518.70186074467,31412.854137511844,5140.079696250432,1353.2055970824752,11154.82401594598,3455.772131425235,98640.55780794432,227675.99524690496,150445.0021966004,77230.99305030456,55.69,7.24,0.49,892746.0,1480320.0,2.6700000000000017,0,1,0,1
2022-09-02,-98883.0,83811.60643083701,39285.03468573226,3607.530517932497,1151.590846858861,14857.841411356569,8259.907784346411,98223.84139568223,249197.35307274584,144788.26780547082,104409.08526727502,54.55,0.0,0.2,672738.0,1468947.0,2.219999999999999,1,1,0,
2022-09-01,-63461.0,83588.36518592921,30231.14481390033,5239.878969075244,1466.0998977307172,18531.616305515945,3787.486446807018,105039.97141009993,247884.5630290584,161356.64062753925,86527.92240151914,53.16,3.44,2.68,699511.0,1465529.0,2.8200000000000074,0,1,1,1
2022-08-31,-174265.0,72770.04038577892,154576.35151340373,4088.6630324790126,686.9975071722235,10037.643736571104,5958.479858629265,90919.4018106632,339037.57784469746,208002.66269238995,131034.91515230751,52.0,4.76,1.42,742965.0,1467964.0,2.9399999999999977,1,1,0,1
2022-08-30,88308.0,109260.58718735632,36540.16217324191,3154.168010590862,3961.2118516542296,20051.800077649565,17678.872492814564,87022.96893715563,277669.7707304631,184072.02526298375,93597.74546747934,51.45,4.21,3.61,865906.0,1470207.0,4.269999999999996,0,1,1,1
2022-08-29,-141422.0,81904.15298116971,33258.985041038875,1263.822595379837,1500.6794763078994,10732.185485233907,14666.837111836612,121320.40527216232,264647.06796312914,167611.39636507063,97035.67159805851,45.1,1.38,2.65,599407.0,1478363.0,3.0200000000000102,0,0,1,0
2022-08-26,-277794.0,99836.31280672568,31291.449768631304,3105.780353738471,2707.8892375030096,24934.408532324745,5918.291386241858,118974.63825768276,286768.7703428478,170777.1637168884,115991.6066259594,48.62,3.49,0.43,660774.0,1469803.0,2.6200000000000045,1,0,0,1
2022-08-25,-350980.0,121037.79602702864,35515.35714007016,4351.743298573248,774.2564317647068,16617.507157763885,5490.336538743436,106750.0756447204,290537.0722386645,173010.9136875017,117526.15855116278,50.96,0.93,2.17,660380.0,1479043.0,2.8100000000000023,1,1,1,0
2022-08-24,-339631.0,119670.00333663526,35339.45785102675,4384.652740051161,165.07902676717265,12770.513038522024,3825.080490229645,104569.81784685438,280724.6043300864,188151.6871257572,92572.91720432919,51.86,2.07,0.58,739927.0,1493474.0,1.6800000000000068,0,1,0,0
2022-08-23,-26807.0,103082.76384175144,34044.571645427684,2597.3128261073707,432.38902170747815,15530.686543737347,4165.123794321534,104116.4263972588,263969.2740703116,173417.02744206565,90552.24662824598,53.89,6.5,2.53,670057.0,1501036.0,2.5,0,1,1,1
2022-08-22,-736932.0,117765.42541618289,46120.6372737775,3281.2700275052653,2917.021670399064,26297.89294799512,5998.897013937119,103871.0418649355,306252.1862147324,193862.21814911865,112389.96806561376,53.67,0.6,0.09,743157.0,1489054.0,3.460000000000008,1,1,0,0
2022-08-19,-198104.0,121797.69985956482,46436.11562439069,4339.32212400254,559.3052781290444,14701.480510934323,4024.9360559219713,106438.55794447834,298297.41739742167,211990.549672644,86306.86772477766,52.53,6.18,0.7,630755.0,1509401.0,2.960000000000008,0,1,0,1
2022-08-18,-244927.0,113843.72082334611,47406.42694320175,4431.844718465333,1108.1444707915894,19149.351735750868,13442.913755165604,92950.79318503784,292333.19563175907,183282.33401090748,109050.86162085159,51.68,8.03,1.64,661060.0,1527828.0,2.660000000000011,1,1,1,1
2022-08-17,277579.0,123135.136847626,36988.80303378945,5370.751827255963,715.230583776165,23515.528169306977,8494.295388182121,100117.26998179375,298337.01583173044,189761.54059005936,108575.47524167108,52.32,2.59,1.26,666630.0,1530516.0,2.3400000000000034,1,1,0,0
2022-08-16,-20186.0,146314.90690654822,33602.47607786674,4181.56882291617,904.1458350499014,7571.247100114351,6186.806956040906,116945.4241741906,315706.57587272685,209314.2454484224,106392.33042430444,51.2,7.76,2.14,881087.0,1557349.0,3.3800000000000097,1,1,1,1
2022-08-15,-58976.0,126125.9401090436,32819.53645250945,5663.155712495264,1377.1238052963824,16732.819718653824,7891.852712247736,143015.90377793196,333626.33228817827,212599.2975919764,121027.03469620185,57.57,5.98,1.82,697812.0,1565272.0,3.8400000000000034,1,1,1,1
2022-08-12,52052.0,122502.74999292476,32437.07326276908,6251.862985025602,1212.0550403037846,24995.3213403005,7479.8758376714595,147386.35574375905,342265.2942027542,212885.3672322489,129379.92697050533,44.83,3.02,1.37,681527.0,1573961.0,2.3700000000000045,1,0,0,1
2022-08-11,-63372.0,124677.11438165534,33436.443602970576,9234.514040088448,37.8346038149348,22841.710664635382,6630.909847717316,125033.965576281,321892.492717163,216814.19118093228,105078.30153623072,46.51,2.56,1.8,926881.0,1572133.0,2.4399999999999977,1,0,1,0
2022-08-10,200412.0,122916.64876549388,34911.62277305812,7089.785885394669,1364.143889136179,8974.666803431948,7329.114997551393,124228.32658237134,306814.3096964376,218552.84282611284,88261.46687032477,46.36,0.71,1.89,915363.0,1566745.0,3.5600000000000023,0,0,1,0
2022-08-09,-198771.0,103139.31882936052,31353.249240766872,8731.145216465775,904.689616428517,21300.316685274764,4307.133939925971,106297.27922296737,276033.1327511897,179083.12318122576,96950.00956996394,50.32,0.37,0.18,845036.0,1570131.0,2.9299999999999926,0,1,0,0
2022-08-08,-17400.0,127765.58218383975,31880.38411277462,4466.268400229374,270.8323189152281,23754.104058061686,15969.412893507695,108974.22243202664,313080.806399355,204108.17618858576,108972.63021076925,50.54,4.84,2.55,752469.0,1565769.0,3.279999999999987,1,1,1,1
2022-08-05,204458.0,107779.83990072408,30723.84035792934,6125.147756444727,1288.667670042038,24449.51167908032,6010.74622578778,106267.37315023982,282645.1267402481,176691.86252511325,105953.26421513487,53.98,11.57,0.4,813977.0,1580980.0,2.730000000000004,1,1,0,1
2022-08-04,-21397.0,118439.78558386683,28632.85127925073,5946.871790981682,1012.2568505251526,21698.587767908048,5562.418907292751,100472.685188217,281765.4573680422,188998.94564041236,92766.51172762984,52.88,10.02,2.93,741007.0,1611717.0,4.049999999999997,0,1,1,1
2022-08-03,-10645.0,117687.11572214264,28149.367858219543,4507.448497619695,592.7512387822674,21499.41129970681,5663.835109374412,92030.86372124212,270130.79344708746,182262.00083433048,87868.79261275698,52.69,5.02,2.66,947618.0,1612365.0,4.090000000000003,0,1,1,1
2022-08-02,265381.0,94169.7816987282,28031.24479645481,3044.923892007131,140.13874018860588,23848.08852077297,9014.048260288624,94895.8691056626,253144.09501410293,157731.09106509676,95413.00394900618,53.51,5.6,1.47,800031.0,1606910.0,3.259999999999991,0,1,1,1
2022-08-01,-291172.0,131238.96040365534,29723.917478723448,2450.3652914210934,304.0503584001424,15003.243541202142,6237.2820714259615,97735.75880388878,282693.57794871693,155869.5563711877,126824.02157752923,50.69,8.18,2.97,908745.0,1616894.0,4.260000000000005,1,1,1,1
2022-07-29,227987.0,96932.2777495567,241566.147251318,4313.107301269952,505.3485782418669,24381.30159434797,12271.079652960363,101925.331459351,481894.59358704585,294087.3094884328,187807.28409861308,46.59,2.08,1.99,819434.0,1609615.0,3.3400000000000034,1,0,1,0
2022-07-27,94858.0,176690.1397826614,29852.312580051934,5757.866392091516,199.2455713791042,14909.34870154983,4352.086796404999,74987.02204982145,306748.0218739603,205651.76129195475,101096.26058200552,47.15,2.47,2.75,706712.0,1592734.0,3.6200000000000045,0,0,1,0
2022-07-26,-142760.0,211758.35331583157,28755.575580448232,4936.803178705718,1082.0993094525884,14158.031528967907,8556.459237903018,69049.25858092943,338296.5807322384,231027.1007781967,107269.47995404172,46.92,0.31,0.6,645633.0,1597451.0,2.700000000000003,1,0,0,0
2022-07-25,170863.0,123913.90485531512,27987.709264249515,4976.534930502416,301.6655294952646,24835.41150994741,4686.860061802661,69255.49807852406,255957.5842298364,160423.8044313255,95533.77979851089,48.88,0.25,2.32,632116.0,1599207.0,3.0799999999999983,0,1,1,0
2022-07-22,-659633.0,139286.25979016622,33894.91357368268,6463.304133523901,415.14419890624646,26160.905885100776,5128.730269114983,71139.88873588618,282489.146586381,198581.7715884919,83907.37499788913,49.14,6.38,1.12,711551.0,1598004.0,2.1799999999999926,0,1,0,1
2022-07-21,-384181.0,144979.8340858666,30372.735079821945,3115.721585631629,308.2223462244468,10191.2862451679,10882.908456178173,76839.40570547286,276690.1135043636,191733.7398241381,84956.37368022549,51.8,7.49,2.04,730686.0,1589365.0,3.3499999999999943,0,1,1,1
2022-07-20,-212984.0,131017.78831869471,30409.8095010883,2402.5721735131856,153.40381965088915,7449.651736072446,4687.388152490941,67979.54743156418,244100.16113307467,159809.22223923553,84290.93889383913,48.27,2.52,0.34,729975.0,1578047.0,2.1400000000000006,0,0,0,0
2022-07-19,49491.0,154231.14862578965,27001.36689549961,2164.301851500956,3422.4323976875,24969.238352504814,7523.176744152962,87835.86592407066,307147.53079120617,218772.4534422217,88375.07734898446,49.33,1.79,0.65,776197.0,1577616.0,2.8300000000000125,0,1,0,0
2022-07-18,136055.0,93412.08193019788,26013.26105010333,1415.912849839366,158.62317342007384,23480.63863459771,5369.95374109853,77231.90717396322,227082.37855322013,131942.18486288757,95140.19369033255,50.34,4.08,4.33,739986.0,1595494.0,4.890000000000001,0,1,1,1
2022-07-15,304492.0,83643.85378931659,30474.21308000185,2694.4286087194173,560.1662610834429,18105.69967868656,18676.63559071781,85580.31789163795,239735.3149001636,152499.94660535292,87235.36829481067,53.81,2.38,1.2,728469.0,1602623.0,3.069999999999993,0,1,0,0
2022-07-14,146388.0,67060.84654318902,27335.503932843927,3189.2914514551376,1653.8208006626796,23519.14786267312,5040.089157779327,96703.70975300764,224502.40950161085,130679.21107003602,93823.19843157483,52.32,2.45,1.92,1017917.0,1626811.0,4.25,0,1,1,0
2022-07-13,-128208.0,95240.51418841828,22308.6800058397,3007.453683185122,384.5446523137165,22262.66987534649,6924.691191616492,89922.60868527526,240051.16228199512,143195.00144251512,96856.16083948,53.14,4.85,1.18,843880.0,1617609.0,2.700000000000003,0,1,0,1
2022-07-12,-67285.0,89524.07170063723,26054.96777713402,7836.147285522244,437.59107951287547,17068.077282551127,6638.488227519084,87877.8947005727,235437.23805344923,139599.80920267402,95837.4288507752,52.97,2.45,6.2,961051.0,1612803.0,5.719999999999999,0,1,1,0
2022-07-11,201653.0,66587.36279264759,24511.72016330788,5822.283119374668,59.30554047835232,14023.24550733508,7915.438067316983,86247.90150292736,205167.25669338796,122400.48901797364,82766.76767541432,53.43,1.92,0.9,720793.0,1614300.0,3.450000000000003,0,1,0,0
2022-07-08,-278754.0,86852.81136617207,26375.633098635342,5864.168112619626,1247.8184467958035,18376.844492689648,30566.16793803273,72161.67885234761,241445.12230729283,129194.02937918036,112251.09292811247,53.74,1.46,2.57,685252.0,1615952.0,3.019999999999996,1,1,1,0
2022-07-07,224669.0,106820.04582009252,22561.280967348117,6636.574161329717,192.8853263423908,18790.432153202328,7537.636145719867,69515.03986814259,232053.89444217755,134361.90388649364,97691.99055568391,53.6,3.29,3.6,849981.0,1614141.0,5.049999999999997,0,1,1,1
2022-07-06,108548.0,90510.70359629892,25476.57876773387,8882.466792855788,1424.627443952396,22997.784781879163,29459.396506781766,78107.36964349865,256858.9275330006,106130.7226116354,150728.2049213652,52.87,3.92,0.82,1062505.0,1637015.0,4.930000000000007,1,1,0,1
2022-07-05,851128.0,85600.17656832728,21128.71593689351,10047.625583768207,953.3292011688368,12012.641939252087,5935.163338840432,84360.01048760231,220037.6630558527,117689.05174532632,102348.61131052638,54.91,6.5,8.83,1392662.0,1637862.0,11.210000000000008,1,1,1,1
2022-07-01,117772.0,57014.23592386432,22710.997287200546,6834.23746673627,54.81690467646604,14660.333494535002,2242.9465972087382,72380.55800335134,175898.12567757268,114267.07210259528,61631.0535749774,51.25,1.02,1.31,655876.0,1626674.0,2.9200000000000017,0,1,0,0
2022-06-30,-473256.0,60101.34265820325,398014.2752650338,2696.3404341268933,1494.8846117506043,7699.366777406457,3499.500339623768,73899.43571566271,547405.1458018075,409929.1078856591,137476.03791614843,50.82,0.68,3.76,843945.0,1630216.0,4.439999999999998,1,1,1,0
2022-06-29,-170224.0,73918.02896678224,20701.79500801542,6443.528760316227,1671.273751934138,8858.397234858932,7866.867946290091,74454.99425113799,193914.885919335,121323.602160639,72591.28375869601,49.34,4.25,1.86,677647.0,1647654.0,3.3900000000000006,0,1,1,1
2022-06-28,425426.0,82222.87878284007,19033.22020758808,5870.4954704785305,1119.496967859636,9434.440766182126,11971.304993155894,80236.83048508626,209888.6676731906,136914.81500742087,72973.85266576972,50.52,0.85,2.76,647825.0,1651566.0,2.9299999999999926,0,1,1,0
2022-06-27,-182453.0,49561.31261546437,20559.68764350461,7942.028301271157,496.28897094646135,17207.770484489276,2074.537631712074,76595.48223557307,174437.10788296102,98891.72831378416,75545.37956917686,52.19,0.0,1.5,571605.0,1647517.0,3.5,0,1,1,
2022-06-24,-6018.0,68604.3630617343,26505.83787350195,4194.974238164959,0.0,9834.421171956112,2261.782985987109,71797.03781968344,183198.41715102788,122636.2484365258,60562.168714502084,53.54,3.27,1.88,743564.0,1645460.0,3.9200000000000017,0,1,1,1
2022-06-23,-151647.0,49753.67579718975,19830.042800130483,7911.1501548204515,987.3778669361316,25153.100663969068,3134.584888643913,78567.92580666122,185337.857978351,105597.15321650766,79740.70476184334,54.02,0.84,3.74,761824.0,1655113.0,3.8799999999999955,0,1,1,0
2022-06-22,-268830.0,50014.07734147948,27057.311891702822,4308.960655128471,1233.5532907096188,19045.93715751536,7444.089577039115,94504.3111995473,203608.24111312217,103417.02764066993,100191.21347245225,54.52,5.22,2.44,924875.0,1649893.0,5.140000000000001,0,1,1,1
2022-06-21,320407.0,51543.98950146102,248565.596314762,4320.763254870826,1869.398706758764,4945.843559724311,20810.722464988023,95336.76573480856,427393.0795373736,281122.19978935784,146270.87974801578,53.46,5.35,0.91,784587.0,1656058.0,2.9199999999999875,1,1,0,1
2022-06-17,-127083.0,61629.90334952826,26892.118852906497,5615.81410148836,647.1368453911964,8678.603982628956,3528.4744082708166,93167.09263947178,200159.14417968589,104681.76465551752,95477.37952416837,55.31,6.31,5.23,1005808.0,1662289.0,5.969999999999999,0,1,1,1
2022-06-16,-25302.0,38773.8194692713,19919.51215791953,6395.600445345714,598.1422853170268,19290.84691269697,8153.727916109533,90796.49062787004,183928.1398145301,117453.3633689004,66474.77644562969,53.11,1.64,1.32,879150.0,1675109.0,2.9199999999999875,0,1,0,0
2022-06-15,155645.0,52452.22535372112,30995.34626154625,2973.059422056265,1469.842408104351,23452.88117674105,5947.909707918916,82282.09194261674,199573.3562727047,113463.4354808116,86109.92079189309,55.6,0.88,1.55,870055.0,1689627.0,2.4200000000000017,0,1,1,0
2022-06-14,-194962.0,53440.2630620368,20165.330245359797,3990.015095854463,1088.451905147968,10533.558848141834,3631.925415631817,86005.44304855107,178854.98762072378,129577.42398648708,49277.56363423671,50.88,1.96,1.64,962026.0,1715674.0,4.179999999999993,0,1,1,0
2022-06-13,-276993.0,67205.91875192594,25739.658288375256,3075.7473731576565,1560.2814578307518,7620.493560985775,9443.756240362012,90168.219649202,204814.07532183945,137745.41079742307,67068.66452441638,56.33,10.81,0.13,855546.0,1738130.0,3.4399999999999977,0,1,0,1
2022-06-10,-177233.0,97669.97714609932,22043.388675366477,2847.736609444128,2068.305394951484,17580.594403159615,10029.3018765348,82889.94916371223,235129.25326926805,127796.87324716346,107332.3800221046,49.47,2.17,1.04,837492.0,1744296.0,2.8900000000000006,1,1,0,0
2022-06-09,-425159.0,69217.41875057058,18695.338927673187,5753.843777433972,494.1919096188251,20427.35105436752,10646.072993246522,79373.95737157104,204608.17478448164,131497.54080645568,73110.63397802596,47.5,1.13,0.27,689661.0,1760703.0,1.3100000000000023,0,0,0,0
2022-06-08,-182140.0,85189.9458300521,23166.84580373406,1839.7128637172325,939.230065337883,12186.78959662877,2882.030083914936,83455.2047246837,209659.7589680687,140232.77587894868,69426.98308912001,49.48,3.29,2.09,768436.0,1784061.0,2.6200000000000045,0,1,1,1
2022-06-07,-255591.0,87444.98750810296,17696.381725920444,3703.86637678788,680.1670050541292,21320.843481292017,3396.327320478049,102823.9168685051,237066.4902861406,152921.79456972546,84144.69571641512,51.3,4.22,2.06,802973.0,1790618.0,2.010000000000005,0,1,1,1
2022-06-06,-284453.0,69667.82781450117,16041.872433942985,3827.4644311399848,1573.0653869980813,12267.595623120556,16335.445438367082,95950.57263572906,215663.8437637989,127834.7366752134,87829.10708858552,51.3,3.61,0.13,519159.0,1824500.0,1.6499999999999915,0,1,0,1
2022-06-03,-183779.0,71580.84106316631,17209.168210018335,2523.5058173915254,3948.406977030261,10192.780312904946,2440.145581957459,85717.49925180372,193612.34721427257,123123.60085459736,70488.7463596752,47.8,3.28,1.21,517839.0,1820899.0,3.259999999999991,0,0,0,1
2022-06-02,-277896.0,65872.587448893,18214.749522397706,4152.828386699902,318.48752911161364,17628.696336840378,4680.048531181383,88863.03504469832,199730.4327998223,140117.0416244997,59613.39117532261,49.14,2.73,1.54,799581.0,1810295.0,3.6599999999999966,0,1,1,1
2022-06-01,-439678.0,82214.19398475076,23034.90422056083,2053.3758373820674,510.88060354630574,11465.195468085023,11248.333749865333,89431.01476856778,219957.8986327581,144730.0097543737,75227.8888783844,49.82,1.36,1.08,671174.0,1802324.0,1.1299999999999955,0,1,0,0
2022-05-31,-777349.0,79210.21184213377,202131.2635429552,3685.493679694264,3156.163695670294,19014.730221725764,13838.127242345869,100664.11542994152,421700.10565446666,251541.22075916044,170158.88489530623,51.77,3.96,0.87,918603.0,1787928.0,3.6299999999999955,1,1,0,1
2022-05-27,-201139.0,81760.64315639676,19725.73458044443,3946.8335151419,325.2311379398556,13348.128116019116,3353.369022607317,111268.49895526112,233728.4384838105,167983.80343077428,65744.63505303621,46.03,4.11,0.67,437308.0,1768423.0,1.9299999999999926,0,0,0,1
2022-05-26,-46963.0,81459.46217563961,23177.94906624072,3839.964504692096,655.4417528987946,10628.384310349638,7049.698727608212,92559.4307682964,219370.33130572547,162591.68466444314,56778.646641282336,46.76,1.56,1.98,559681.0,1755569.0,2.489999999999995,0,0,1,0
2022-05-25,93052.0,94648.08056851616,16943.23605288945,5474.691795325334,204.3446395842873,11612.690777839012,6237.364480334586,87753.32537046983,222873.73368495863,169968.99656278576,52904.73712217287,47.04,0.6,0.66,399031.0,1722645.0,0.8799999999999955,0,0,0,0
2022-05-24,-8186.0,104049.85193145263,41243.5978374164,5589.284632754488,3665.693161716045,15223.988414367424,4972.700883650575,96262.71102702628,271007.8278883838,186067.8633678517,84939.96452053211,48.63,3.27,0.38,479220.0,1711863.0,2.3800000000000097,0,1,0,1
2022-05-23,24312.0,65465.43800820163,23406.803023884026,5775.328264967353,1213.682770914986,11551.042377825024,6028.590974474356,97877.7688280999,211318.65424836724,144082.22521945593,67236.42902891131,53.52,4.12,1.15,458164.0,1713012.0,1.8200000000000074,0,1,0,1
2022-05-20,-16317.0,66131.7104275495,226484.8688263376,6214.773069478516,42.67610004519891,13472.70972107376,5456.533883629217,103609.6528786993,421412.924906813,276256.7260877501,145156.1988190629,51.16,0.86,0.25,430973.0,1707194.0,1.4500000000000028,1,1,0,0
2022-05-19,168933.0,76721.30082156412,23938.144537295488,10415.838687793865,815.6093695248635,13798.794404663751,10472.100840644143,113313.74158735224,249475.53024883848,177779.62168069408,71695.9085681444,51.89,1.41,2.0,779111.0,1712368.0,3.1500000000000057,0,1,1,0
2022-05-18,101545.0,53873.99214569075,24961.34377239732,8755.438732732304,632.370236590109,9622.42638736271,6123.708506257498,98931.07994056912,202900.3597215998,143263.24219722248,59637.1175243773,50.34,3.08,2.53,790137.0,1721970.0,4.0,0,1,1,1
2022-05-17,-14121.0,63624.78899669292,25343.86469401876,8409.198308744808,1143.461615240304,21592.077999560446,7288.113429233967,116881.34086339052,244282.84590688173,171958.46877989068,72324.37712699105,51.89,2.99,1.3,739740.0,1730665.0,2.509999999999991,0,1,0,1
2022-05-16,-84953.0,59185.34128126451,20361.56003033513,2973.663575213284,541.687209999194,24830.5027969409,15322.173729754088,112695.33864443965,235910.26726794677,153697.23861904227,82213.0286489045,55.96,1.31,0.67,725075.0,1765892.0,2.780000000000001,0,1,0,0
2022-05-13,-239972.0,62320.06570627698,21281.193229782195,2025.01254737184,2524.592578221705,18106.64410641065,33399.18455200712,112620.0983961776,252276.7911162481,172969.7145264063,79307.0765898418,52.71,2.83,2.06,610648.0,1752279.0,1.8800000000000097,0,1,1,1
2022-05-12,-341096.0,63620.24912512164,25001.564932821253,2221.9474701863915,82.83411298874624,20620.303805023625,10362.481260607628,97375.07775582452,219284.4584625738,156186.6785722075,63097.779890366306,53.43,1.35,0.46,794110.0,1737758.0,2.3200000000000074,0,1,0,0
2022-05-11,-381249.0,75470.24199408674,34134.99250223581,5784.404415126356,3620.5116982208897,18818.75416189881,10829.96752809022,100967.80197661504,249626.67427627387,164486.68024804263,85139.99402823125,56.06,4.69,4.74,889954.0,1736669.0,4.859999999999999,0,1,1,1
2022-05-10,-348936.0,90291.13435767764,26214.557407185886,4622.523801106622,2846.486517678433,19162.82686390373,9341.551382198975,98662.68990357476,251141.77023332607,181430.06619446864,69711.70403885742,57.9,3.18,1.97,890471.0,1736594.0,3.009999999999991,0,1,1,1
2022-05-09,-168807.0,90013.35865889848,29995.39468319742,3897.741467810463,6179.131311497084,16680.05164594186,8514.018586441005,93440.64021546984,248720.33656925612,168684.4953464723,80035.84122278381,57.92,5.62,4.35,839167.0,1734325.0,5.269999999999996,0,1,1,1
2022-05-06,-323425.0,89938.85357460334,20692.097782633984,3683.32973057378,1826.856909860533,21523.91844198473,11826.416598372489,75816.92848807904,225308.40152610783,164179.66471273647,61128.73681337136,54.72,0.18,0.88,678952.0,1742290.0,2.1499999999999915,0,1,0,0
2022-05-05,27826.0,81854.8455680934,20729.55006350973,2019.492310500822,1715.885620546914,24911.675853430817,28298.600597851968,71026.44315734938,230556.49317128304,157054.3032020665,73502.18996921653,53.15,2.95,0.31,665513.0,1798557.0,2.8900000000000006,0,1,0,1
2022-05-04,-113375.0,95023.53411257936,24266.510356325754,1948.703447029446,2241.9362750497926,18044.05308738612,22489.2980917519,74336.24029354329,238350.27566366567,168922.4545306069,69427.82113305878,54.04,1.65,3.89,594515.0,1747914.0,3.3599999999999994,0,1,1,0
2022-05-03,-271960.0,93945.89446248591,27058.957627060405,1971.506461396241,2922.4109563726256,24755.128577892017,12556.34848468699,70279.17868480012,233489.4252546943,167042.08701066498,66447.33824402932,54.15,0.2,0.82,568409.0,1751564.0,1.7399999999999949,0,1,0,0
2022-05-02,-344438.0,95995.19053746498,27861.37937004468,3145.3427124292543,512.7800613277716,17525.136085830836,7603.863208638506,70366.59945844059,223010.29143417664,165131.37857328352,57878.91286089312,56.98,1.98,0.71,605484.0,1758210.0,3.039999999999992,0,1,0,0
2022-04-29,-170953.0,105113.31038883283,809016.5320918172,3904.0276880564393,272.458738835782,24918.84264809915,10056.601484684235,66382.8351941506,1019664.6082344764,829758.0869298379,189906.52130463847,51.94,2.23,0.92,658361.0,1752306.0,2.440000000000012,1,1,0,0
2022-04-28,-16830.0,107884.26712136972,27243.28326385306,1970.2241975378768,5531.750032850556,23718.76961613203,1204.9518500452043,83621.1174589573,251174.36354074575,181172.2022553541,70002.16128539166,53.38,2.7,0.5,701841.0,1751739.0,2.3100000000000023,0,1,0,1
2022-04-27,-97651.0,144503.51477433962,33801.81238045148,3296.2767795362947,38759.356850574586,23483.346148926325,24025.89392000424,111350.67352453592,379220.8743783685,201782.5769821426,177438.29739622588,53.57,0.35,0.08,544574.0,1742759.0,1.7099999999999937,1,1,0,0
2022-04-26,-167594.0,157896.4183340978,42502.88481625208,2122.3628122023515,61.69927275375007,13663.18284501344,17900.130835042735,110034.69400449174,344181.37291985395,226124.6262034705,118056.74671638344,52.86,1.34,1.33,685031.0,1733586.0,2.530000000000001,1,1,0,0
2022-04-25,170622.0,180144.26132332155,22581.62621467576,2113.843612428502,1354.1531603710237,15900.755996221507,13461.507748192944,113509.33439707335,349065.4824522846,269732.0249935648,79333.45745871979,56.0,3.34,2.29,647830.0,1728613.0,3.1899999999999977,0,1,1,1
2022-04-22,-79995.0,146648.0787582941,27889.75176327088,3980.0976449522695,6543.268293070074,16575.373708655996,1576.639480713504,112510.73180228284,315723.9414512397,214637.97152276096,101085.96992847873,49.86,2.59,2.42,440249.0,1729425.0,2.9499999999999886,0,1,1,0
2022-04-21,-138847.0,159750.0887372433,25742.340295162416,2784.662910480344,55.85172432396536,11167.99314493043,11568.394750551744,96018.980693198,307088.3122558902,208617.18976100095,98471.12249488928,52.23,4.54,1.65,551943.0,1727970.0,2.3499999999999943,0,1,1,1
2022-04-20,-9165.0,160729.94131873644,25162.593583908427,2848.128694983089,559.0902572686791,13342.592489923354,7119.6847925850825,102008.9732897065,311771.0044271116,216322.53399062215,95448.47043648944,50.34,3.75,0.63,586212.0,1733387.0,2.0799999999999983,0,1,0,1
2022-04-19,-314200.0,154253.76133219703,24472.24670853938,1842.2962780425053,4374.239137379882,10991.126339055185,4071.199490547511,80447.57342042228,280452.44270618376,206879.587694394,73572.85501178977,50.94,1.18,4.61,729401.0,1740300.0,4.429999999999993,0,1,1,0
2022-04-18,-329996.0,180913.6189225147,21152.30909699205,3154.395639739327,645.5813530869716,3553.962152893589,3448.3975943233118,75041.11420042673,287909.3789599767,216311.93267644127,71597.44628353545,55.2,4.57,0.27,461191.0,1756157.0,2.1099999999999994,0,1,0,1
2022-04-14,-161548.0,174287.8444856532,24452.70889854288,2674.748394809132,5453.015419764432,10124.293192586329,13762.23263853746,78621.84908904704,309376.69211894047,240226.71902126173,69149.97309767874,51.2,4.26,0.52,664935.0,1762779.0,2.3000000000000114,0,1,0,1
2022-04-13,149167.0,243136.8489657867,20954.27799150864,2012.3322816105112,1639.5472356718385,12858.737647106733,2427.5795183789464,71007.29401652681,354036.6176565902,294443.9112529196,59592.7064036706,55.25,7.33,2.22,863496.0,1775320.0,2.700000000000003,0,1,1,1
2022-04-12,29385.0,234350.38088040048,18441.485616999827,2342.850350163084,1707.265290314066,4930.7363401066095,9549.210327197236,70720.71140020821,342042.64020538947,281153.0944799609,60889.54572542856,54.81,0.8,3.12,878974.0,1783725.0,2.4399999999999977,0,1,1,0
2022-04-11,-218333.0,212932.28356906108,20886.601358958505,2125.750638894614,838.7937769999135,22634.598776746767,6942.362487559559,77524.92346563621,343885.3140738567,271060.3281145652,72824.98595929146,57.38,3.14,2.03,824381.0,1788190.0,3.3799999999999955,0,1,1,1
2022-04-08,-13780.0,201552.67093553935,24821.73470535408,1221.4258402109451,2499.707191354285,8765.100306734668,18172.24583294619,86499.46014305274,343532.3449551923,243622.39210158616,99909.95285360614,54.23,2.01,1.47,711841.0,1802330.0,2.210000000000008,0,1,1,0
2022-04-07,130319.0,236396.71116365297,23432.892914301705,2094.2422588078016,312.95089660124927,8130.095003556542,17124.7322898213,98667.32829515144,386158.952821893,286484.8440482539,99674.10877363908,53.15,2.03,1.06,941077.0,1824078.0,2.3700000000000045,0,1,0,0
2022-04-06,143910.0,179313.43716964574,28828.83757001176,882.1867159534266,1941.3397353458715,14173.71735392766,10614.663600726724,109985.51908746174,345739.7012330729,242796.9858340352,102942.7153990377,53.8,1.21,2.77,945219.0,1839132.0,3.799999999999997,1,1,1,0
2022-04-05,-241084.0,184701.974192542,26363.16312775366,2130.3789491362795,1259.1553885002163,31251.114418480185,6948.136433925899,103324.83759631155,355978.76010664983,222326.2999442307,133652.46016241913,54.31,0.94,0.88,646086.0,1823366.0,2.460000000000008,1,1,0,0
2022-04-04,-212441.0,173600.2654902285,24913.243477085467,920.3890826122304,2151.747595785238,3212.5685052070376,7281.968459146366,108946.4782004688,321026.6608105337,221131.48158181712,99895.17922871656,56.29,0.09,2.87,719550.0,1803467.0,3.280000000000001,0,1,1,0
2022-04-01,-297171.0,204649.81955482016,20916.119191023383,619.0309790133867,828.3849679878534,22531.85091013817,7175.010220593319,122138.98178634592,378859.19760992215,275231.3753738825,103627.82223603968,57.66,5.72,2.67,852537.0,1791481.0,3.019999999999996,1,1,1,1
2022-03-31,193546.0,185090.8942297212,29856.47319075604,2536.568595529383,1644.2113254001874,7086.172122460942,6318.382533314173,160567.5583493538,393100.2603465357,278149.04420503386,114951.21614150185,61.04,5.54,1.81,1147465.0,1805276.0,3.280000000000001,1,1,1,1
2022-03-30,-115315.0,210635.20692596832,25074.057502183598,1285.2879513082296,1062.7721598569055,19588.912139887623,5517.654436871991,157083.9625643085,420247.8536803852,270625.2063167788,149622.64736360643,62.46,2.27,3.04,594337.0,1806727.0,2.6400000000000006,1,1,1,0
2022-03-29,-320508.0,164002.6162409152,43086.07993993386,1184.300284340588,222.21810789184875,21670.67477870044,9997.485325183854,136440.72962567065,376604.10430263646,247085.0113865204,129519.09291611606,67.04,6.83,0.24,813338.0,1795929.0,4.329999999999998,1,1,0,1
2022-03-28,-36752.0,194869.16147514308,23715.106325066583,1230.8616321529355,2762.4597484503324,15518.021162371037,2767.0572523219416,157381.82103933525,398244.4886348412,313584.4738112697,84660.01482357155,70.73,2.71,4.45,770776.0,1797764.0,4.700000000000003,0,1,1,1
2022-03-25,285751.0,167861.0653112289,19204.00901988589,1535.3596526187928,0.0,8114.399884694195,4687.564726313186,102689.59867605571,304091.9972707967,233770.91752756655,70321.07974323013,69.14,0.33,1.42,673363.0,1798893.0,3.7099999999999937,0,1,0,0
2022-03-24,-210605.0,155892.6744846318,20367.84090964617,1257.864898751337,1628.8615508846488,789.2731884641497,5532.543158291519,88549.5144872403,274018.5726779099,204125.85403351532,69892.7186443946,72.59,4.75,2.45,640914.0,1794775.0,3.6500000000000057,0,1,1,1
2022-03-23,295543.0,133186.50619208463,20584.97392874942,810.0005653706878,1503.8961866262437,20409.891325221804,3723.947673511161,68176.23916194787,248395.45503351183,167259.091817833,81136.36321567884,69.56,4.36,2.58,692393.0,1785090.0,2.809999999999988,0,1,1,1
2022-03-22,274242.0,142786.87192860714,1268139.5946881168,1756.986393764411,916.8215685367808,1713.0831800293045,5308.7870584085495,64689.65093838436,1485311.7957558476,1276651.0245376895,208660.77121815807,70.78,1.72,0.72,641338.0,1785352.0,2.6500000000000057,1,1,0,0
2022-03-21,23484.0,128813.98135486848,22366.678206872628,3756.419246866133,370.37355613768966,2402.8649845124646,3854.527779030464,55109.38492063745,216674.23004892527,169591.65832186656,47082.571727058705,71.81,2.45,3.77,647851.0,1791376.0,3.6899999999999977,0,1,1,0
2022-03-18,7632.0,74311.54742015904,22138.045531058106,709.5768023481969,769.5643260471595,16978.633809233597,5134.688718264897,70852.75176890507,190894.80837601604,95842.00857123765,95052.79980477839,67.78,1.93,0.82,489955.0,1793331.0,2.1799999999999926,0,1,0,0
2022-03-17,375101.0,49853.259271182666,18104.08844864221,821.8703892883369,505.50936559631856,24860.730435882724,3627.5791535172734,58740.0616124713,156513.09867658082,95692.89951983345,60820.199156747374,59.35,14.2,5.83,766617.0,1797129.0,5.460000000000008,0,1,1,1
2022-03-16,-12234.0,55689.63995834735,17347.03297860872,992.8847711030472,917.7926516884482,408.3772739516371,4993.797072489723,49700.69209468971,130050.21680087864,86201.26371723821,43848.95308364043,63.62,6.71,1.56,743445.0,1828830.0,3.299999999999997,0,1,1,1
2022-03-15,294480.0,62430.63828358524,17042.55145492897,962.8975624643382,1928.256996260274,298.23050709157724,11065.13285368551,70282.6531735206,164010.3608315365,101974.64394716638,62035.71688437012,65.42,2.75,1.97,1088880.0,1850794.0,3.5,0,1,1,1
2022-03-14,425065.0,73765.10952919086,18529.15400763994,906.3956480884234,56.767895570786656,1259.722293728414,7704.637485207861,58386.0350763101,160607.82193573637,89055.22992509509,71552.59201064128,68.57,3.81,3.77,881671.0,1860422.0,4.429999999999993,0,1,1,1
2022-03-11,405759.0,58334.1124903742,16447.769117668613,732.7175553275346,1740.095090653807,2746.6930777931816,3727.047230307072,53328.752230229016,137057.1867923534,77371.46142925131,59685.72536310209,67.34,0.99,3.56,920851.0,1875698.0,4.069999999999993,0,1,1,0
2022-03-10,1081052.0,51276.90133128372,16854.368855598736,727.1522563895154,414.2616210718985,693.8252495429984,5510.153880100881,49733.25085266797,125209.9140466557,74868.7141385371,50341.19990811859,73.25,8.07,1.5,1277248.0,1880554.0,4.609999999999999,0,1,1,1
2022-03-09,703439.0,88430.34620168297,13283.832695749848,601.3048082193673,529.6830436448338,4846.734988119649,5735.370591858587,34309.68362473606,147736.95595401133,103608.38609310742,44128.56986090391,75.82,3.39,9.57,1593511.0,1872172.0,14.86999999999999,0,1,1,1
2022-03-08,67553.0,86780.57339401664,14700.01063233136,240.53595574391613,3227.2367847745336,10442.10159660228,8483.55711587366,34583.22371315697,158457.23919249937,102532.22023225164,55925.01896024773,78.91,3.92,1.27,1407925.0,1896974.0,6.030000000000001,0,1,0,1
2022-03-07,1251707.0,85665.65114084125,12126.09408020516,231.4986135488625,444.8339301469285,2965.272407676849,12023.303038151467,72441.36727156755,185898.0204821381,123560.54931197608,62337.47117016201,77.29,2.1,0.86,1344395.0,1895097.0,9.400000000000006,0,1,0,0
2022-03-04,15701.0,77694.4808271221,12312.908353311575,231.17327132007392,0.0,23771.762497195294,2063.9278316321283,66009.07436087029,182083.32714145147,120430.75319283849,61652.57394861299,64.37,20.07,7.03,1252438.0,1929152.0,5.680000000000007,0,1,1,1
2022-03-03,849524.0,60585.69840075536,10174.128295313074,302.89394793159363,1184.301223476371,16185.946366241264,1887.9834726039985,72347.71824817423,162668.6699544959,105776.89344173958,56891.77651275633,61.53,4.62,0.78,1389977.0,1943641.0,3.269999999999996,0,1,0,1
2022-03-02,215097.0,74328.94748760143,11221.68260307624,237.89095730886172,106.16895046788706,20570.977831148462,14832.443737260344,85092.42823785503,206390.53980471828,127948.23795382034,78442.30185089794,61.43,0.16,4.67,1735408.0,1978789.0,3.6500000000000057,0,1,1,0
2022-03-01,-608414.0,88576.09172190074,11406.218175320992,796.9708434063605,1733.212415719251,22864.86169064901,5079.64838948391,55523.12394910485,185980.1271855851,113569.04361049502,72411.08357509007,52.5,17.01,1.43,2143563.0,2028476.0,1.9799999999999898,0,1,1,1
2022-02-28,-257196.0,85752.21628754107,9661.44060851742,1102.5237776130457,248.2893242104076,20772.537636857403,1264.6558456005137,52580.02260775734,171381.68608809722,117417.2634580854,53964.42263001182,49.73,6.06,0.82,1236288.0,2093222.0,3.789999999999992,0,1,0,1
2022-02-25,-211036.0,118149.85261405846,21789.639073320428,5173.298087490075,482.8285666118664,14232.25256761,3485.1950899350963,53990.416630421765,217303.48262944768,154865.02570698335,62438.456922464335,49.04,0.94,0.84,1133019.0,2091498.0,2.9099999999999966,0,1,0,0
2022-02-24,524055.0,61188.91739065859,11059.001799938616,1385.3339397783263,699.4435832759058,24695.22485607631,1120.6292328471634,59669.76835978896,159818.31916236388,76775.06628590875,83043.25287645514,50.51,2.91,1.76,2110625.0,2080268.0,6.900000000000006,0,1,1,1
2022-02-23,-36970.0,74979.02856351434,21042.236629955627,510.2162107959163,286.2064063506119,24328.07784339793,2297.790513728191,67059.98891326264,190503.5450810053,118804.75957856528,71698.78550244,50.11,0.8,0.97,946527.0,2057934.0,2.010000000000005,0,1,0,0
2022-02-22,189555.0,68388.46258376574,8131.632426191259,1047.7736901298333,1277.4425440708094,22023.87898593585,5119.704906141858,84103.55275611638,190092.4478923517,118240.70013820915,71851.74775414253,53.39,3.65,1.61,1525754.0,2055493.0,3.760000000000005,0,1,1,1
2022-02-18,46109.0,54311.09487899898,9605.031819723396,2897.4030365717053,655.9707591213458,24265.80907402685,998.3823342507952,115528.83882061888,208262.53072331197,140890.2909117614,67372.23981155056,53.14,2.13,0.89,1239922.0,2066654.0,2.299999999999997,0,1,0,0
2022-02-17,5971.0,72993.54173925467,11653.38153345502,1544.993861472039,738.2451516802722,24425.54530209199,1088.233684148777,121676.47426390927,234120.41553601203,155987.70785270387,78132.70768330817,49.38,7.61,0.74,1152390.0,2085729.0,1.7199999999999989,0,1,0,1
2022-02-16,-296704.0,158318.3728727727,10888.922967863627,4962.531542919326,857.9716067848964,24146.15208339194,2102.3544591556456,135956.69101818718,337232.9965510753,264752.9320724588,72480.06447861652,48.36,2.11,1.1,1426368.0,2103984.0,2.1699999999999875,0,0,0,0
2022-02-15,-145532.0,70404.27528001748,10487.927899933304,8153.348063802587,497.14453799615575,21442.76751180876,5071.587027655389,150321.4128837218,266378.4632049355,190563.7908069493,75814.67239798617,48.83,0.96,3.13,1218978.0,2122758.0,2.969999999999999,0,1,1,0
2022-02-14,106689.0,75311.54130920961,10720.934178465815,4143.349714306666,1928.7458954859117,21624.613099624363,2279.5238920706706,206015.0155010452,322023.7235902082,256852.75037940184,65170.973210806376,50.67,2.93,0.64,1164910.0,2134061.0,1.6199999999999903,0,1,0,1
2022-02-11,-606624.0,127852.02335128162,11328.979011496836,2330.601084661849,5727.786212361403,20358.20114756418,1774.9966849081588,243616.21658622372,412988.8040784978,304303.2756035764,108685.52847492142,43.81,8.29,1.56,1562551.0,2155738.0,2.530000000000001,1,0,1,1
2022-02-10,10269.0,160707.2766296124,13539.537500602904,2011.8034256454412,2358.973581986794,20987.953938600494,4347.842279037071,278867.6693316579,482821.056687143,335587.00743777654,147234.04924936645,39.4,11.19,0.01,1234357.0,2175221.0,1.3700000000000045,1,0,0,1
2022-02-09,-315914.0,167374.62605060346,18153.07809325898,4753.819912937898,5547.85191489239,16638.230757954952,3853.379702675021,280065.61550778185,496386.6019401045,356735.19976493024,139651.40217517427,41.26,4.51,1.4,1178074.0,2170631.0,1.8499999999999943,1,0,0,1
2022-02-08,218259.0,101338.22124343252,12171.11774554635,5038.896828499992,1551.1291648452748,18328.877234857457,1661.6569074396125,271927.98259434087,412017.8817189621,315952.6155151727,96065.26620378939,43.34,4.8,1.38,1022924.0,2170681.0,1.7999999999999972,0,0,0,1
2022-02-07,53881.0,98127.7083826412,12144.200813427222,12793.606302491216,1283.7574955998869,22504.472791767017,11726.52649869584,246538.6437999159,405118.9160845383,278798.2840128134,126320.63207172486,47.17,1.23,0.27,1186802.0,2162827.0,1.0900000000000034,1,0,0,0
2022-02-04,-64011.0,101008.64754193864,14439.21522228412,10435.11928660886,12736.148865684145,24443.47552107441,11318.512200393005,280059.603222605,454440.7218605882,300306.6714980058,154134.05036258238,42.15,4.1,1.04,989988.0,2156755.0,1.2199999999999989,1,0,0,1
2022-02-03,-203301.0,113211.57326967212,17623.05980948844,5864.091357454527,4978.671247051571,12024.339263550855,1283.3359464087807,322616.0659603083,477601.13685393456,339101.10099493206,138500.0358590025,41.86,0.69,1.5,1130410.0,2139943.0,2.1099999999999994,1,0,1,0
2022-02-02,1839.0,96407.16855683854,15770.92724537728,8847.063432676594,1707.9180654103643,14606.875188788164,1801.835544243016,334832.2052032469,473973.99323658086,361200.67147129256,112773.3217652883,41.31,1.33,0.59,1056781.0,2118240.0,1.3400000000000034,1,0,0,0
2022-02-01,-211803.0,102864.0341497182,15330.51141124972,12592.778758778844,332.3764405652597,20601.849193899976,1839.702530376761,354430.3003988991,507991.5528834879,368606.82711453614,139384.72576895176,42.35,2.46,0.05,831835.0,2093735.0,1.5,1,0,0,0
2022-01-31,-482083.0,105369.7574277591,49890.778639832766,4885.509699796353,3690.645338384403,11620.787448280164,3596.113570839309,335276.3488170999,514329.940941992,370621.8813591452,143708.05958284676,47.74,11.29,0.62,804958.0,2100097.0,1.0,1,0,0,1
2022-01-28,-360531.0,92022.87009143102,40695.68722046109,9653.72951846346,181.84948223624727,23091.9864052682,6998.745338936171,316469.89340617176,489114.761462968,337643.23317244364,151471.52829052438,46.9,1.79,0.18,893657.0,2096885.0,1.5499999999999972,1,0,0,0
2022-01-27,130800.0,87403.04424807441,17366.524760312437,964.2816339244936,911.3333763072148,19952.349615937408,1014.8991518646448,303440.40778107155,431052.8405674922,295399.21500422014,135653.62556327204,45.67,2.69,0.72,886633.0,2108660.0,1.4299999999999926,1,0,0,1
2022-01-26,-111595.0,92762.14104422482,34586.98494761574,7748.096132492301,1408.4186076300427,24983.070910033297,6088.93714880977,301003.7753337277,468581.42412453366,319438.5338308773,149142.89029365638,47.63,4.12,1.19,1020425.0,2114988.0,1.6399999999999864,1,0,0,1
2022-01-25,-68838.0,125185.9475272938,16503.857698274798,5910.026426274415,295.25038590334384,20225.49887169553,3759.597991072438,287401.5356468287,459281.714547343,306310.359396052,152971.355151291,47.84,0.44,1.49,1121055.0,2095994.0,1.4000000000000057,1,0,1,0
2022-01-24,-201673.0,129515.16887301709,18197.524923646368,14017.707455139498,3589.801541958847,23595.257085416582,8437.059672935757,282118.1852444952,479470.70479660935,309516.0633818006,169954.64141480875,50.82,12.38,1.5,932587.0,2070565.0,2.9099999999999966,1,1,1,1
2022-01-21,-661131.0,138022.55646948254,16974.208954180605,5174.722831283101,2051.848257446148,21580.70884267131,6032.090702565831,260237.35538052663,450073.49143815617,320731.65927331086,129341.83216484531,41.15,3.45,0.49,998698.0,2062309.0,1.9399999999999977,1,0,0,1
2022-01-20,-446087.0,126346.21419394508,27481.762842658016,10860.604245123272,1454.421605484367,24504.81194422266,9207.760100032783,255672.29881891533,455527.8737503815,293677.2603174283,161850.6134329532,42.75,3.74,0.93,1153254.0,2064666.0,1.8599999999999994,1,0,0,1
2022-01-19,-199012.0,163687.3919333431,16512.687820360654,6555.180083229894,6308.060203287061,24017.02113669617,8203.517598888951,240938.29574762736,466222.1545234332,272546.0309954383,193676.1235279949,42.28,1.11,0.53,1180380.0,2050310.0,1.0600000000000023,1,0,0,0
2022-01-18,-56103.0,154150.55660987034,17671.037727026353,9588.404405280611,1405.1561901765588,24950.497078497137,3393.423126201328,257519.14166395896,468678.2168010113,299600.5218205166,169077.69498049468,47.82,2.67,1.44,1154023.0,2059564.0,1.9300000000000068,1,0,1,0
2022-01-14,-62194.0,125800.22521900215,21866.793940165648,6565.424960730808,1011.980313513874,23000.78243927194,10849.96718639058,261877.1051930392,450972.2792521142,307140.7491161509,143831.5301359633,37.11,10.97,1.25,1180596.0,2046200.0,1.4000000000000057,1,0,0,1
2022-01-13,-303991.0,168758.32311864063,17985.34555803233,6350.647759627663,9541.88936842469,21433.80760121683,4750.316375458317,272112.7865709512,500933.1163523516,319873.62697756005,181059.48937479156,34.39,7.91,0.06,1026047.0,2014573.0,0.9099999999999966,1,0,0,1
2022-01-12,-306965.0,198358.01520036347,16809.302165928126,3865.5800392209535,1766.9062905420628,23953.632696925317,7135.464734831273,283112.9695731857,535001.870700997,396592.16277763137,138409.70792336558,34.31,0.23,0.66,1218186.0,1987415.0,1.1199999999999903,1,0,0,0
2022-01-11,23073.0,129411.13339233832,16428.69875774369,4009.337397001873,3936.7160384745775,13734.54711044211,4492.783872974073,284293.07221847784,456306.2887874525,338756.40175197524,117549.88703547727,37.65,8.87,2.7,1171497.0,1966615.0,1.710000000000008,1,0,1,1
2022-01-10,-156041.0,164328.6172593677,22076.09431384124,6067.86256325504,5291.5550446562365,24220.95424474934,3106.6347529155632,268239.41437126626,493331.1325500513,362672.5178580319,130658.61469201942,42.67,1.76,0.82,894661.0,1931291.0,1.2999999999999972,1,0,0,0
2022-01-07,-9212.0,159006.3897255158,16439.713255418694,5539.028233730702,6858.9439539101095,17327.079776112423,3708.3039368441,246039.06688080548,454918.5257623373,336305.01098139107,118613.51478094625,36.86,0.38,0.36,979709.0,1918425.0,1.029999999999987,1,0,0,0
2022-01-06,-155963.0,133102.04304431102,19114.299087426425,4241.599254577813,4516.749838711996,18645.72073752638,3701.8699646126815,201477.47460111065,384799.7565282769,258774.80517891372,126024.95134936317,44.49,17.15,0.78,1170432.0,1913391.0,1.9899999999999949,1,0,0,1
2022-01-05,-130371.0,93783.32649470952,16130.048691972155,2284.7539604954327,2403.311995958925,24296.427785973363,3608.884890686432,191750.6461660955,334257.3999858913,222386.0494501062,111871.35053578511,39.48,12.69,0.06,989697.0,1901975.0,1.2199999999999989,1,0,0,1
2022-01-04,35314.0,92013.49015440574,19061.987666721478,3007.8154890562887,1289.283921018383,23963.530509818804,3569.6350069980936,194111.36526394825,337017.10801196704,242245.46322473892,94771.64478722811,37.57,5.08,1.38,852063.0,1887131.0,1.3700000000000045,0,0,0,1
2022-01-03,19799.0,85371.37803399259,16700.33861394231,1354.2864667768686,2241.1508155159645,16992.46478211484,4240.613610273939,194725.32172359657,321625.5540462131,230868.531206575,90757.02283963811,42.62,11.85,1.83,612605.0,1886114.0,1.8000000000000114,0,0,1,1
