,Date,STD_A,STD_B,STD_C,STD_D,STD_E,STD_F,STD_G,STD_Sum,STD_Total
0,2022-01-03,85371.37803399259,16700.33861394231,1354.2864667768686,2241.1508155159645,16992.46478211484,4240.613610273939,194725.32172359657,321625.5540462131,230868.531206575
1,2022-01-04,92013.49015440574,19061.987666721474,3007.8154890562887,1289.2839210183827,23963.530509818804,3569.6350069980936,194111.36526394825,337017.10801196704,242245.46322473895
2,2022-01-05,93783.32649470952,16130.048691972155,2284.7539604954327,2403.311995958925,24296.427785973363,3608.8848906864314,191750.6461660955,334257.3999858913,222386.0494501062
3,2022-01-06,133102.04304431102,19114.299087426425,4241.599254577813,4516.749838711996,18645.72073752638,3701.8699646126815,201477.47460111062,384799.7565282769,258774.80517891375
4,2022-01-07,159006.3897255158,16439.713255418694,5539.028233730702,6858.9439539101095,17327.079776112423,3708.3039368441,246039.06688080548,454918.5257623373,336305.01098139107
5,2022-01-10,164328.6172593677,22076.09431384124,6067.86256325504,5291.5550446562365,24220.95424474934,3106.6347529155632,268239.41437126626,493331.1325500513,362672.5178580319
6,2022-01-11,129411.13339233832,16428.69875774369,4009.337397001873,3936.7160384745775,13734.54711044211,4492.783872974073,284293.07221847784,456306.2887874525,338756.40175197524
7,2022-01-12,198358.01520036347,16809.302165928126,3865.5800392209535,1766.9062905420628,23953.632696925313,7135.464734831273,283112.9695731857,535001.870700997,396592.16277763137
8,2022-01-13,168758.32311864063,17985.34555803233,6350.647759627663,9541.88936842469,21433.80760121683,4750.316375458317,272112.78657095117,500933.1163523516,319873.62697756005
9,2022-01-14,125800.22521900217,21866.793940165648,6565.424960730808,1011.980313513874,23000.78243927194,10849.96718639058,261877.10519303917,450972.2792521142,307140.74911615095
10,2022-01-17,163618.2153352919,17497.299942045036,20004.414121504167,4349.508730349067,6058.552354826096,3205.999672650436,271834.58817693195,486568.5783335987,337723.2330492294
11,2022-01-18,154150.55660987034,17671.037727026353,9588.404405280613,1405.1561901765588,24950.497078497137,3393.423126201328,257519.14166395896,468678.2168010113,299600.5218205166
12,2022-01-19,163687.3919333431,16512.687820360654,6555.180083229894,6308.060203287061,24017.02113669617,8203.517598888951,240938.29574762736,466222.1545234332,272546.0309954383
13,2022-01-20,126346.21419394508,27481.762842658016,10860.604245123273,1454.4216054843673,24504.81194422266,9207.760100032783,255672.29881891535,455527.8737503815,293677.2603174283
14,2022-01-21,138022.55646948254,16974.208954180605,5174.722831283101,2051.8482574461477,21580.70884267131,6032.090702565831,260237.35538052666,450073.49143815617,320731.65927331086
15,2022-01-24,129515.16887301709,18197.524923646368,14017.707455139498,3589.801541958847,23595.257085416582,8437.059672935757,282118.1852444952,479470.70479660935,309516.0633818006
16,2022-01-25,125185.9475272938,16503.857698274798,5910.026426274415,295.25038590334384,20225.49887169553,3759.597991072438,287401.5356468287,459281.714547343,306310.35939605196
17,2022-01-26,92762.14104422482,34586.98494761574,7748.096132492301,1408.4186076300427,24983.070910033297,6088.93714880977,301003.7753337277,468581.42412453366,319438.5338308773
18,2022-01-27,87403.04424807441,17366.524760312437,964.2816339244936,911.3333763072148,19952.349615937408,1014.8991518646448,303440.40778107155,431052.8405674922,295399.21500422014
19,2022-01-28,92022.87009143102,40695.68722046109,9653.729518463459,181.84948223624727,23091.9864052682,6998.745338936171,316469.89340617176,489114.76146296796,337643.23317244364
20,2022-01-31,105369.7574277591,49890.778639832766,4885.509699796353,3690.645338384403,11620.787448280165,3596.1135708393094,335276.3488170999,514329.940941992,370621.88135914516
21,2022-02-01,102864.0341497182,15330.51141124972,12592.778758778843,332.3764405652597,20601.849193899976,1839.702530376761,354430.3003988991,507991.5528834879,368606.82711453614
22,2022-02-02,96407.16855683854,15770.927245377281,8847.063432676594,1707.9180654103643,14606.875188788163,1801.8355442430159,334832.2052032469,473973.99323658086,361200.67147129256
23,2022-02-03,113211.57326967211,17623.05980948844,5864.091357454527,4978.671247051571,12024.339263550857,1283.3359464087807,322616.0659603083,477601.13685393456,339101.10099493206
24,2022-02-04,101008.64754193863,14439.215222284121,10435.11928660886,12736.148865684145,24443.47552107441,11318.512200393005,280059.603222605,454440.7218605882,300306.6714980058
25,2022-02-07,98127.7083826412,12144.200813427222,12793.606302491215,1283.7574955998869,22504.472791767017,11726.526498695841,246538.6437999159,405118.9160845383,278798.2840128134
26,2022-02-08,101338.22124343253,12171.11774554635,5038.896828499992,1551.1291648452748,18328.877234857457,1661.6569074396125,271927.98259434087,412017.8817189621,315952.6155151727
27,2022-02-09,167374.62605060346,18153.07809325898,4753.819912937898,5547.85191489239,16638.230757954952,3853.3797026750212,280065.61550778185,496386.6019401045,356735.19976493024
28,2022-02-10,160707.2766296124,13539.537500602904,2011.8034256454414,2358.973581986794,20987.953938600498,4347.8422790370705,278867.6693316579,482821.056687143,335587.00743777654
29,2022-02-11,127852.02335128162,11328.979011496836,2330.601084661849,5727.786212361403,20358.20114756418,1774.9966849081588,243616.21658622375,412988.8040784978,304303.2756035764
30,2022-02-14,75311.54130920961,10720.934178465815,4143.349714306666,1928.7458954859114,21624.613099624363,2279.5238920706706,206015.01550104516,322023.7235902082,256852.75037940184
31,2022-02-15,70404.27528001748,10487.927899933304,8153.348063802587,497.14453799615575,21442.76751180876,5071.587027655389,150321.4128837218,266378.4632049355,190563.79080694934
32,2022-02-16,158318.3728727727,10888.922967863627,4962.531542919326,857.9716067848964,24146.15208339194,2102.3544591556456,135956.69101818718,337232.9965510753,264752.93207245873
33,2022-02-17,72993.54173925467,11653.38153345502,1544.993861472039,738.2451516802722,24425.54530209199,1088.233684148777,121676.47426390927,234120.41553601203,155987.70785270387
34,2022-02-18,54311.09487899898,9605.031819723396,2897.4030365717053,655.9707591213458,24265.80907402685,998.3823342507952,115528.83882061887,208262.53072331194,140890.2909117614
35,2022-02-21,66501.61119405762,12233.087259367234,2750.1344619922015,1118.1342765921206,12849.32100234184,3508.033853430861,96293.30945050818,195253.63149829005,114729.41077223666
36,2022-02-22,68388.46258376574,8131.632426191259,1047.7736901298333,1277.4425440708094,22023.87898593585,5119.704906141858,84103.55275611638,190092.44789235172,118240.70013820917
37,2022-02-23,74979.02856351434,21042.236629955627,510.2162107959163,286.2064063506119,24328.07784339793,2297.790513728191,67059.98891326264,190503.54508100526,118804.75957856527
38,2022-02-24,61188.91739065859,11059.001799938616,1385.3339397783263,699.4435832759058,24695.22485607631,1120.6292328471634,59669.76835978896,159818.31916236388,76775.06628590875
39,2022-02-25,118149.85261405846,21789.639073320428,5173.298087490075,482.8285666118664,14232.25256761,3485.1950899350963,53990.416630421765,217303.48262944768,154865.02570698335
40,2022-02-28,85752.21628754107,9661.440608517421,1102.5237776130457,248.2893242104076,20772.537636857403,1264.6558456005137,52580.02260775734,171381.68608809722,117417.26345808539
41,2022-03-01,88576.09172190074,11406.218175320992,796.9708434063605,1733.212415719251,22864.86169064901,5079.64838948391,55523.12394910485,185980.1271855851,113569.04361049502
42,2022-03-02,74328.94748760143,11221.68260307624,237.89095730886174,106.16895046788706,20570.977831148462,14832.443737260344,85092.42823785503,206390.53980471828,127948.23795382034
43,2022-03-03,60585.69840075536,10174.128295313074,302.89394793159363,1184.301223476371,16185.946366241264,1887.9834726039985,72347.71824817423,162668.6699544959,105776.89344173958
44,2022-03-04,77694.4808271221,12312.908353311575,231.17327132007392,0.0,23771.762497195294,2063.9278316321283,66009.07436087029,182083.32714145147,120430.75319283849
45,2022-03-07,85665.65114084125,12126.094080205161,231.49861354886247,444.83393014692854,2965.2724076768495,12023.303038151469,72441.36727156755,185898.02048213806,123560.54931197608
46,2022-03-08,86780.57339401664,14700.010632331361,240.53595574391613,3227.2367847745336,10442.10159660228,8483.55711587366,34583.22371315697,158457.23919249937,102532.22023225165
47,2022-03-09,88430.34620168297,13283.832695749848,601.3048082193673,529.6830436448338,4846.734988119649,5735.370591858587,34309.68362473606,147736.95595401133,103608.38609310742
48,2022-03-10,51276.90133128372,16854.368855598736,727.1522563895154,414.26162107189845,693.8252495429984,5510.153880100881,49733.25085266797,125209.9140466557,74868.7141385371
49,2022-03-11,58334.112490374195,16447.769117668613,732.7175553275346,1740.0950906538067,2746.6930777931816,3727.0472303070724,53328.752230229016,137057.1867923534,77371.46142925131
50,2022-03-14,73765.10952919086,18529.15400763994,906.3956480884234,56.767895570786656,1259.722293728414,7704.637485207861,58386.0350763101,160607.82193573637,89055.22992509509
51,2022-03-15,62430.638283585235,17042.55145492897,962.8975624643382,1928.256996260274,298.23050709157724,11065.13285368551,70282.6531735206,164010.3608315365,101974.64394716638
52,2022-03-16,55689.63995834735,17347.03297860872,992.8847711030472,917.7926516884482,408.3772739516371,4993.797072489723,49700.69209468971,130050.21680087864,86201.26371723821
53,2022-03-17,49853.259271182666,18104.088448642215,821.8703892883369,505.50936559631856,24860.730435882724,3627.5791535172743,58740.0616124713,156513.09867658082,95692.89951983345
54,2022-03-18,74311.54742015904,22138.045531058106,709.5768023481969,769.5643260471595,16978.633809233597,5134.688718264897,70852.75176890507,190894.80837601604,95842.00857123763
55,2022-03-21,128813.98135486848,22366.678206872628,3756.419246866133,370.37355613768966,2402.8649845124646,3854.5277790304644,55109.38492063745,216674.23004892532,169591.65832186656
56,2022-03-22,142786.87192860714,1268139.5946881168,1756.986393764411,916.8215685367809,1713.0831800293045,5308.7870584085495,64689.65093838436,1485311.7957558476,1276651.0245376895
57,2022-03-23,133186.50619208463,20584.97392874942,810.0005653706878,1503.8961866262437,20409.891325221804,3723.947673511161,68176.23916194787,248395.45503351185,167259.091817833
58,2022-03-24,155892.6744846318,20367.84090964617,1257.864898751337,1628.8615508846488,789.2731884641497,5532.543158291519,88549.5144872403,274018.5726779099,204125.85403351535
59,2022-03-25,167861.0653112289,19204.009019885892,1535.3596526187928,0.0,8114.399884694195,4687.564726313186,102689.59867605571,304091.9972707967,233770.91752756658
60,2022-03-28,194869.16147514308,23715.106325066583,1230.8616321529357,2762.4597484503324,15518.021162371037,2767.0572523219416,157381.82103933525,398244.48863484117,313584.4738112697
61,2022-03-29,164002.6162409152,43086.07993993386,1184.300284340588,222.21810789184875,21670.67477870044,9997.485325183854,136440.72962567065,376604.10430263646,247085.01138652037
62,2022-03-30,210635.20692596832,25074.057502183594,1285.2879513082296,1062.7721598569055,19588.912139887623,5517.654436871991,157083.9625643085,420247.85368038516,270625.2063167788
63,2022-03-31,185090.89422972116,29856.47319075604,2536.568595529383,1644.2113254001874,7086.172122460942,6318.382533314173,160567.55834935379,393100.2603465357,278149.04420503386
64,2022-04-01,204649.81955482016,20916.119191023383,619.0309790133867,828.3849679878534,22531.850910138175,7175.010220593319,122138.98178634592,378859.19760992215,275231.3753738825
65,2022-04-04,173600.2654902285,24913.243477085467,920.3890826122303,2151.747595785238,3212.5685052070376,7281.968459146366,108946.4782004688,321026.6608105337,221131.48158181712
66,2022-04-05,184701.97419254202,26363.16312775366,2130.3789491362795,1259.1553885002163,31251.114418480185,6948.136433925899,103324.83759631157,355978.76010664983,222326.2999442307
67,2022-04-06,179313.43716964574,28828.83757001176,882.1867159534266,1941.3397353458713,14173.71735392766,10614.663600726723,109985.51908746174,345739.7012330729,242796.9858340352
68,2022-04-07,236396.71116365297,23432.892914301705,2094.2422588078016,312.95089660124927,8130.095003556542,17124.7322898213,98667.32829515143,386158.952821893,286484.8440482539
69,2022-04-08,201552.67093553938,24821.73470535408,1221.4258402109451,2499.7071913542854,8765.100306734668,18172.24583294619,86499.46014305274,343532.3449551923,243622.39210158619
70,2022-04-11,212932.28356906108,20886.601358958505,2125.750638894614,838.7937769999135,22634.598776746767,6942.362487559559,77524.92346563621,343885.3140738567,271060.3281145652
71,2022-04-12,234350.38088040048,18441.485616999827,2342.850350163084,1707.265290314066,4930.7363401066095,9549.210327197236,70720.71140020821,342042.64020538947,281153.0944799609
72,2022-04-13,243136.8489657867,20954.277991508636,2012.3322816105112,1639.5472356718383,12858.737647106731,2427.5795183789464,71007.29401652681,354036.6176565902,294443.9112529196
73,2022-04-14,174287.8444856532,24452.70889854288,2674.7483948091317,5453.0154197644315,10124.293192586327,13762.23263853746,78621.84908904704,309376.69211894047,240226.71902126173
74,2022-04-18,180913.6189225147,21152.30909699205,3154.395639739327,645.5813530869716,3553.962152893589,3448.3975943233113,75041.11420042673,287909.3789599767,216311.93267644127
75,2022-04-19,154253.76133219703,24472.24670853938,1842.2962780425053,4374.239137379882,10991.126339055185,4071.199490547511,80447.57342042228,280452.44270618376,206879.58769439397
76,2022-04-20,160729.94131873644,25162.593583908427,2848.128694983089,559.0902572686791,13342.592489923354,7119.6847925850825,102008.9732897065,311771.0044271116,216322.53399062218
77,2022-04-21,159750.0887372433,25742.340295162416,2784.6629104803437,55.85172432396536,11167.99314493043,11568.394750551744,96018.98069319801,307088.3122558902,208617.18976100098
78,2022-04-22,146648.0787582941,27889.751763270877,3980.0976449522695,6543.268293070074,16575.373708655996,1576.6394807135039,112510.73180228284,315723.9414512397,214637.97152276096
79,2022-04-25,180144.26132332155,22581.626214675758,2113.843612428502,1354.1531603710237,15900.755996221507,13461.507748192944,113509.33439707335,349065.4824522846,269732.02499356476
80,2022-04-26,157896.4183340978,42502.88481625208,2122.3628122023515,61.699272753750066,13663.18284501344,17900.130835042735,110034.69400449174,344181.37291985395,226124.62620347054
81,2022-04-27,144503.51477433962,33801.812380451476,3296.2767795362947,38759.356850574586,23483.346148926325,24025.893920004237,111350.67352453593,379220.8743783685,201782.5769821426
82,2022-04-28,107884.26712136973,27243.28326385306,1970.2241975378768,5531.750032850556,23718.76961613203,1204.9518500452045,83621.1174589573,251174.36354074578,181172.20225535412
83,2022-04-29,105113.31038883283,809016.5320918172,3904.0276880564393,272.45873883578196,24918.84264809915,10056.601484684235,66382.8351941506,1019664.6082344763,829758.0869298379
84,2022-05-02,95995.19053746498,27861.379370044677,3145.3427124292543,512.7800613277716,17525.136085830836,7603.863208638506,70366.59945844059,223010.29143417662,165131.37857328352
85,2022-05-03,93945.89446248593,27058.957627060405,1971.5064613962415,2922.4109563726256,24755.128577892017,12556.34848468699,70279.17868480012,233489.4252546943,167042.08701066498
86,2022-05-04,95023.53411257936,24266.510356325754,1948.7034470294461,2241.9362750497926,18044.053087386117,22489.2980917519,74336.24029354329,238350.27566366567,168922.4545306069
87,2022-05-05,81854.8455680934,20729.55006350973,2019.492310500822,1715.885620546914,24911.675853430817,28298.600597851968,71026.44315734938,230556.49317128304,157054.3032020665
88,2022-05-06,89938.85357460334,20692.097782633984,3683.3297305737797,1826.856909860533,21523.918441984726,11826.416598372489,75816.92848807904,225308.40152610786,164179.66471273647
89,2022-05-09,90013.35865889848,29995.39468319742,3897.741467810463,6179.131311497084,16680.05164594186,8514.018586441005,93440.64021546983,248720.33656925615,168684.4953464723
90,2022-05-10,90291.13435767764,26214.557407185886,4622.523801106622,2846.486517678433,19162.826863903734,9341.551382198977,98662.68990357475,251141.77023332607,181430.06619446864
91,2022-05-11,75470.24199408674,34134.99250223581,5784.404415126356,3620.5116982208897,18818.75416189881,10829.96752809022,100967.80197661504,249626.67427627387,164486.68024804263
92,2022-05-12,63620.24912512164,25001.564932821253,2221.9474701863915,82.83411298874624,20620.303805023625,10362.481260607627,97375.07775582452,219284.4584625738,156186.6785722075
93,2022-05-13,62320.06570627698,21281.193229782195,2025.0125473718397,2524.5925782217055,18106.64410641065,33399.18455200712,112620.09839617761,252276.7911162481,172969.7145264063
94,2022-05-16,59185.34128126451,20361.56003033513,2973.6635752132834,541.687209999194,24830.5027969409,15322.173729754088,112695.33864443963,235910.26726794674,153697.23861904227
95,2022-05-17,63624.78899669292,25343.864694018757,8409.198308744808,1143.4616152403041,21592.077999560446,7288.113429233967,116881.34086339053,244282.84590688173,171958.46877989068
96,2022-05-18,53873.99214569075,24961.34377239732,8755.438732732304,632.370236590109,9622.42638736271,6123.708506257498,98931.07994056912,202900.3597215998,143263.24219722248
97,2022-05-19,76721.30082156412,23938.144537295488,10415.838687793863,815.6093695248635,13798.794404663753,10472.100840644145,113313.74158735223,249475.53024883848,177779.62168069408
98,2022-05-20,66131.7104275495,226484.86882633757,6214.773069478516,42.67610004519891,13472.709721073761,5456.533883629217,103609.6528786993,421412.924906813,276256.7260877501
99,2022-05-23,65465.43800820163,23406.803023884022,5775.328264967353,1213.682770914986,11551.042377825024,6028.590974474356,97877.7688280999,211318.65424836724,144082.22521945593
100,2022-05-24,104049.85193145263,41243.5978374164,5589.284632754488,3665.6931617160444,15223.988414367423,4972.700883650575,96262.71102702628,271007.8278883838,186067.8633678517
101,2022-05-25,94648.08056851615,16943.23605288945,5474.691795325334,204.34463958428734,11612.690777839012,6237.364480334586,87753.32537046983,222873.73368495866,169968.99656278576
102,2022-05-26,81459.46217563961,23177.949066240722,3839.9645046920964,655.4417528987946,10628.384310349638,7049.698727608212,92559.43076829641,219370.33130572547,162591.68466444314
103,2022-05-27,81760.64315639676,19725.73458044443,3946.8335151418996,325.2311379398556,13348.128116019116,3353.369022607317,111268.49895526111,233728.43848381052,167983.80343077428
104,2022-05-30,78856.91901223123,193731.29682619128,3006.307489178838,635.9178653517858,11939.431761299007,13938.276290131891,105896.11027632766,408004.2595207117,247978.27817390006
105,2022-05-31,79210.21184213377,202131.2635429552,3685.493679694264,3156.163695670294,19014.730221725764,13838.127242345867,100664.11542994152,421700.10565446666,251541.22075916044
106,2022-06-01,82214.19398475076,23034.90422056083,2053.3758373820674,510.88060354630574,11465.195468085023,11248.333749865333,89431.01476856778,219957.89863275806,144730.0097543737
107,2022-06-02,65872.587448893,18214.749522397706,4152.828386699902,318.48752911161364,17628.696336840378,4680.048531181383,88863.03504469832,199730.4327998223,140117.0416244997
108,2022-06-03,71580.84106316631,17209.168210018335,2523.5058173915254,3948.4069770302604,10192.780312904946,2440.145581957459,85717.49925180372,193612.34721427257,123123.60085459735
109,2022-06-06,69667.82781450117,16041.872433942983,3827.4644311399848,1573.0653869980813,12267.595623120556,16335.445438367082,95950.57263572906,215663.84376379894,127834.7366752134
110,2022-06-07,87444.98750810296,17696.381725920444,3703.86637678788,680.1670050541292,21320.843481292017,3396.327320478049,102823.9168685051,237066.4902861406,152921.79456972546
111,2022-06-08,85189.9458300521,23166.84580373406,1839.7128637172323,939.230065337883,12186.78959662877,2882.030083914936,83455.2047246837,209659.7589680687,140232.77587894868
112,2022-06-09,69217.41875057058,18695.338927673187,5753.843777433972,494.1919096188251,20427.35105436752,10646.072993246522,79373.95737157104,204608.17478448164,131497.54080645568
113,2022-06-10,97669.97714609932,22043.388675366474,2847.7366094441277,2068.3053949514842,17580.594403159615,10029.301876534799,82889.94916371223,235129.25326926803,127796.87324716346
114,2022-06-13,67205.91875192594,25739.658288375256,3075.7473731576565,1560.2814578307518,7620.493560985775,9443.756240362012,90168.219649202,204814.07532183942,137745.41079742307
115,2022-06-14,53440.2630620368,20165.330245359793,3990.0150958544627,1088.451905147968,10533.558848141834,3631.925415631817,86005.44304855107,178854.98762072378,129577.42398648708
116,2022-06-15,52452.22535372112,30995.346261546252,2973.059422056265,1469.842408104351,23452.881176741055,5947.909707918916,82282.09194261674,199573.3562727047,113463.4354808116
117,2022-06-16,38773.8194692713,19919.51215791953,6395.600445345714,598.1422853170268,19290.846912696972,8153.727916109533,90796.49062787004,183928.1398145301,117453.3633689004
118,2022-06-17,61629.903349528264,26892.118852906497,5615.81410148836,647.1368453911964,8678.603982628956,3528.4744082708166,93167.09263947178,200159.14417968589,104681.76465551752
119,2022-06-20,61751.14805519823,239999.11898770314,3529.7451380771195,1338.8435105696174,797.9611312738192,2405.0013586724167,98146.36326246688,407968.1814439612,261828.637965428
120,2022-06-21,51543.98950146102,248565.59631476202,4320.763254870826,1869.3987067587636,4945.843559724311,20810.722464988026,95336.76573480856,427393.07953737356,281122.19978935784
121,2022-06-22,50014.077341479475,27057.311891702826,4308.9606551284705,1233.5532907096188,19045.93715751536,7444.089577039115,94504.3111995473,203608.24111312217,103417.02764066991
122,2022-06-23,49753.675797189746,19830.042800130483,7911.1501548204515,987.3778669361316,25153.100663969068,3134.5848886439135,78567.92580666122,185337.857978351,105597.15321650766
123,2022-06-24,68604.3630617343,26505.83787350195,4194.9742381649585,0.0,9834.421171956112,2261.782985987109,71797.03781968344,183198.41715102788,122636.24843652581
124,2022-06-27,49561.31261546437,20559.687643504614,7942.028301271157,496.28897094646135,17207.770484489276,2074.537631712074,76595.48223557307,174437.10788296102,98891.72831378416
125,2022-06-28,82222.87878284007,19033.22020758808,5870.4954704785305,1119.496967859636,9434.440766182126,11971.304993155894,80236.83048508626,209888.6676731906,136914.81500742087
126,2022-06-29,73918.02896678224,20701.79500801542,6443.528760316227,1671.2737519341379,8858.397234858932,7866.867946290091,74454.99425113799,193914.885919335,121323.602160639
127,2022-06-30,60101.34265820325,398014.2752650338,2696.3404341268933,1494.8846117506043,7699.366777406457,3499.500339623768,73899.43571566271,547405.1458018075,409929.1078856591
128,2022-07-01,57014.23592386432,22710.997287200546,6834.23746673627,54.81690467646604,14660.333494535002,2242.9465972087382,72380.55800335134,175898.12567757268,114267.07210259527
129,2022-07-04,70380.17026782838,22862.205530242907,3477.718690134276,139.00956789007475,12571.738168862044,2435.7118508090725,78215.22231709617,190081.77639286293,114624.75721566625
130,2022-07-05,85600.17656832728,21128.71593689351,10047.625583768207,953.3292011688369,12012.641939252087,5935.163338840432,84360.01048760231,220037.6630558527,117689.05174532633
131,2022-07-06,90510.70359629893,25476.57876773387,8882.466792855788,1424.6274439523959,22997.784781879163,29459.396506781766,78107.36964349865,256858.9275330006,106130.7226116354
132,2022-07-07,106820.04582009253,22561.280967348113,6636.574161329717,192.8853263423908,18790.432153202328,7537.636145719867,69515.03986814259,232053.89444217755,134361.90388649364
133,2022-07-08,86852.81136617207,26375.633098635342,5864.168112619626,1247.8184467958035,18376.844492689648,30566.16793803273,72161.67885234761,241445.12230729283,129194.02937918036
134,2022-07-11,66587.36279264759,24511.72016330788,5822.283119374668,59.30554047835232,14023.245507335081,7915.4380673169835,86247.90150292736,205167.25669338793,122400.48901797365
135,2022-07-12,89524.07170063723,26054.96777713402,7836.147285522244,437.59107951287547,17068.077282551127,6638.488227519084,87877.8947005727,235437.23805344925,139599.80920267402
136,2022-07-13,95240.51418841828,22308.6800058397,3007.453683185122,384.5446523137165,22262.66987534649,6924.691191616492,89922.60868527526,240051.16228199512,143195.00144251512
137,2022-07-14,67060.84654318902,27335.503932843927,3189.2914514551376,1653.8208006626796,23519.147862673122,5040.089157779327,96703.70975300764,224502.40950161085,130679.21107003602
138,2022-07-15,83643.85378931659,30474.213080001846,2694.4286087194173,560.1662610834429,18105.69967868656,18676.63559071781,85580.31789163795,239735.31490016362,152499.94660535292
139,2022-07-18,93412.08193019789,26013.26105010333,1415.9128498393661,158.62317342007384,23480.63863459771,5369.95374109853,77231.90717396322,227082.37855322013,131942.18486288757
140,2022-07-19,154231.14862578965,27001.36689549961,2164.301851500956,3422.4323976875,24969.238352504814,7523.176744152962,87835.86592407066,307147.53079120617,218772.45344222174
141,2022-07-20,131017.78831869473,30409.8095010883,2402.5721735131856,153.40381965088915,7449.651736072446,4687.388152490941,67979.54743156418,244100.16113307467,159809.22223923553
142,2022-07-21,144979.8340858666,30372.735079821945,3115.721585631629,308.2223462244468,10191.2862451679,10882.908456178173,76839.40570547286,276690.1135043636,191733.7398241381
143,2022-07-22,139286.25979016622,33894.91357368268,6463.304133523901,415.14419890624646,26160.905885100776,5128.730269114983,71139.88873588618,282489.146586381,198581.7715884919
144,2022-07-25,123913.90485531511,27987.709264249515,4976.534930502416,301.6655294952646,24835.41150994741,4686.860061802661,69255.49807852406,255957.58422983642,160423.8044313255
145,2022-07-26,211758.35331583154,28755.575580448232,4936.803178705718,1082.0993094525884,14158.031528967907,8556.459237903018,69049.25858092943,338296.5807322384,231027.1007781967
146,2022-07-27,176690.1397826614,29852.312580051934,5757.866392091516,199.2455713791042,14909.34870154983,4352.0867964049985,74987.02204982145,306748.0218739603,205651.76129195475
147,2022-07-28,156463.09180378396,28839.05532680344,5573.434672389837,881.7696494714629,20419.268009682582,10677.998625336944,86597.67535847746,309452.2934459457,189127.42918073141
148,2022-07-29,96932.2777495567,241566.14725131798,4313.107301269952,505.34857824186685,24381.30159434797,12271.079652960363,101925.331459351,481894.59358704585,294087.3094884328
149,2022-08-01,131238.96040365534,29723.917478723448,2450.3652914210934,304.0503584001424,15003.243541202142,6237.2820714259615,97735.75880388878,282693.57794871693,155869.5563711877
150,2022-08-02,94169.7816987282,28031.244796454812,3044.923892007131,140.13874018860588,23848.08852077297,9014.048260288624,94895.8691056626,253144.09501410293,157731.09106509676
151,2022-08-03,117687.11572214263,28149.367858219543,4507.448497619695,592.7512387822674,21499.411299706815,5663.835109374412,92030.86372124213,270130.79344708746,182262.00083433048
152,2022-08-04,118439.78558386685,28632.85127925073,5946.871790981682,1012.2568505251526,21698.587767908048,5562.418907292751,100472.68518821699,281765.4573680422,188998.94564041233
153,2022-08-05,107779.83990072407,30723.84035792934,6125.147756444727,1288.667670042038,24449.51167908032,6010.74622578778,106267.37315023982,282645.1267402481,176691.86252511325
154,2022-08-08,127765.58218383977,31880.38411277462,4466.268400229374,270.8323189152281,23754.104058061686,15969.412893507697,108974.22243202663,313080.806399355,204108.17618858576
155,2022-08-09,103139.31882936053,31353.249240766872,8731.145216465775,904.689616428517,21300.316685274764,4307.133939925971,106297.27922296737,276033.13275118975,179083.12318122576
156,2022-08-10,122916.64876549387,34911.622773058116,7089.785885394669,1364.143889136179,8974.666803431948,7329.114997551393,124228.32658237134,306814.30969643756,218552.84282611284
157,2022-08-11,124677.11438165534,33436.443602970576,9234.514040088448,37.834603814934795,22841.710664635382,6630.909847717316,125033.96557628099,321892.492717163,216814.19118093228
158,2022-08-12,122502.74999292476,32437.07326276908,6251.862985025602,1212.0550403037846,24995.3213403005,7479.8758376714595,147386.35574375905,342265.2942027542,212885.3672322489
159,2022-08-15,126125.94010904361,32819.53645250945,5663.155712495264,1377.1238052963824,16732.819718653824,7891.852712247736,143015.90377793196,333626.33228817827,212599.29759197638
160,2022-08-16,146314.90690654822,33602.47607786674,4181.56882291617,904.1458350499014,7571.247100114351,6186.806956040906,116945.4241741906,315706.57587272685,209314.24544842239
161,2022-08-17,123135.136847626,36988.80303378945,5370.751827255963,715.230583776165,23515.528169306977,8494.295388182121,100117.26998179375,298337.01583173044,189761.54059005936
162,2022-08-18,113843.72082334611,47406.426943201746,4431.844718465333,1108.1444707915894,19149.351735750868,13442.913755165604,92950.79318503784,292333.19563175907,183282.33401090748
163,2022-08-19,121797.69985956482,46436.11562439069,4339.32212400254,559.3052781290444,14701.480510934323,4024.9360559219713,106438.55794447834,298297.41739742167,211990.54967264397
164,2022-08-22,117765.42541618287,46120.6372737775,3281.2700275052653,2917.0216703990636,26297.89294799512,5998.897013937119,103871.0418649355,306252.1862147324,193862.21814911862
165,2022-08-23,103082.76384175144,34044.571645427684,2597.3128261073707,432.38902170747815,15530.686543737349,4165.123794321534,104116.42639725881,263969.2740703116,173417.02744206565
166,2022-08-24,119670.00333663526,35339.45785102675,4384.652740051161,165.07902676717265,12770.513038522025,3825.0804902296454,104569.81784685438,280724.6043300864,188151.6871257572
167,2022-08-25,121037.79602702864,35515.35714007016,4351.743298573248,774.2564317647068,16617.507157763885,5490.336538743436,106750.07564472039,290537.0722386645,173010.9136875017
168,2022-08-26,99836.31280672568,31291.449768631304,3105.780353738471,2707.8892375030096,24934.408532324745,5918.291386241858,118974.63825768277,286768.7703428478,170777.1637168884
169,2022-08-29,81904.15298116971,33258.985041038875,1263.822595379837,1500.6794763078994,10732.185485233907,14666.837111836612,121320.40527216232,264647.06796312914,167611.39636507063
170,2022-08-30,109260.58718735633,36540.16217324191,3154.168010590862,3961.2118516542296,20051.800077649565,17678.872492814564,87022.96893715563,277669.7707304631,184072.02526298378
171,2022-08-31,72770.04038577892,154576.35151340373,4088.6630324790126,686.9975071722235,10037.643736571104,5958.479858629265,90919.40181066321,339037.57784469746,208002.66269238995
172,2022-09-01,83588.36518592921,30231.14481390033,5239.878969075244,1466.0998977307172,18531.616305515945,3787.486446807018,105039.97141009993,247884.5630290584,161356.64062753925
173,2022-09-02,83811.60643083701,39285.03468573226,3607.5305179324973,1151.590846858861,14857.841411356569,8259.907784346411,98223.84139568223,249197.35307274584,144788.26780547082
174,2022-09-05,76312.21004148622,36807.58456243619,4350.388654894538,1666.506909624821,10061.169819871073,8312.751588398138,95069.80913711134,232580.4207138223,146092.66911232515
175,2022-09-06,76518.70186074467,31412.854137511844,5140.079696250432,1353.2055970824752,11154.82401594598,3455.772131425235,98640.55780794432,227675.99524690496,150445.0021966004
176,2022-09-07,93728.12177890245,31412.692224292765,4594.981127525589,2335.895658406285,14978.141825877365,8842.487453167743,87650.05211638115,243542.37218455336,162419.66139402607
177,2022-09-08,76727.2760584608,29861.917536381134,4715.890974237951,841.809654396391,15442.4744905472,18589.635423258384,87848.62960581304,234027.6337430949,144371.126280899
178,2022-09-09,85217.51633305264,28005.72359532411,3146.845202651281,859.254678661257,19987.65815750381,5120.59190322048,94834.827462935,237172.41733334857,155773.8023597554
179,2022-09-12,81635.70765343311,28817.943516692063,5619.369855079473,2052.2377832176007,12005.027066494014,5124.6408593694705,115624.57502341268,250879.50175769842,160742.1728755781
180,2022-09-13,59047.37816617049,29539.041020654113,2947.6263167415545,2468.256651527876,23601.14639341482,6633.463227636216,115271.11536087978,239508.02713702485,148794.44721882112
181,2022-09-14,74579.31368460393,31054.961602649702,5435.952988385312,1083.7966142424114,19051.603397410472,22836.850503819576,117489.54137684066,271532.02016795205,166159.89141821006
182,2022-09-15,79763.29691746824,34993.22552658609,6874.2613915400525,653.2423523432052,22107.831879256457,13452.22071299243,113306.16404101603,271150.2428212025,163464.467490765
183,2022-09-16,57332.80986401534,50514.313015303305,16598.72169806516,236.03417697024707,15317.019727489413,5739.641341390712,106436.25279212724,252174.7926153614,135864.2515034085
184,2022-09-19,55139.649236355785,26263.50554443875,22365.417282428338,1775.2983622347244,8383.463606777404,6807.359755373691,96494.3002374312,217228.9940250399,127050.88621936814
185,2022-09-20,97830.7082610102,133351.13528605897,29012.426101232377,980.9305777164924,9441.745751430783,10371.11940956794,88857.38256235774,369845.44794937456,185395.70862431542
186,2022-09-21,93315.87489584874,20266.7035288463,32634.175557084698,1009.1388590753896,12318.020086591681,3219.5920355932026,85151.44634450655,247914.95130754655,139276.80856609996
187,2022-09-22,88868.65369436338,21810.981586044087,35248.39523263965,959.3619619235259,24871.784672146066,3563.9350713472563,87639.6332351534,262962.7454536174,140823.41390584325
188,2022-09-23,89445.25383812435,18255.54521494535,38689.30250222978,264.1563684613791,5175.866167822196,2893.9179989593995,87514.53268166515,242238.5747722076,138990.71429597653
189,2022-09-26,84838.6863804148,27401.184883034082,30063.39979242388,1068.7695156758887,15198.611269412278,5436.50711935209,93567.6186279621,257574.77758827512,156930.92403075958
190,2022-09-27,88916.51582600575,22068.367911855083,31961.69946934617,475.8840301765771,11205.044486885488,15821.706262898639,101561.43040153556,272010.64838870324,155029.34291044067
191,2022-09-28,109264.62331078228,21255.308383697502,41889.02632998891,214.814386556452,13027.75878362154,5292.580692401297,100980.26067226157,291924.37255930953,150957.74457874356
192,2022-09-29,113355.5843154906,18842.519205921082,36422.302494098105,609.3768199225865,24867.706939588872,3759.1868331461355,91186.34055998945,289043.01716815686,156335.0636953931
193,2022-09-30,108685.38875543051,21294.214628230482,34322.536810069745,1091.1225511608486,10079.534311112116,12478.508719704729,97598.68733621757,285549.99311192596,151793.1139425814
194,2022-10-03,116608.16328858164,20695.84922281743,31343.89603712669,1049.4847114774557,15466.823953588613,14649.095031986837,89442.03679863685,289255.34904421546,161303.71534900417
195,2022-10-04,120420.49966392628,21511.6958160374,27048.561508342398,1062.7596379596675,13984.730350835425,9676.643543208962,82261.46833723427,275966.3588575444,157296.56500312968
196,2022-10-05,125330.79605778499,24037.39422628312,29976.90231500081,523.51359520898,16027.729750191767,5780.620542187524,86310.94017627547,287987.8966629327,162898.3401442478
197,2022-10-06,115926.65110897152,19548.041820438917,38677.149247840964,275.24944357669307,8144.476885476105,2681.25598998237,95536.86572815423,280789.69022444077,158761.8012664979
198,2022-10-07,117055.01774164783,24002.18350070753,28587.538154338257,306.5097747029667,14369.429770453662,3132.7493917905895,96995.06670286972,284448.4950365106,169146.10073727046
199,2022-10-10,102175.82635633006,20153.492763775746,26894.682420318448,454.42103336795924,17451.329584247454,10012.056107302442,97768.45897491762,274910.2672402597,156464.28109656647
200,2022-10-11,103732.79846636901,34776.59123278751,35165.30669039451,425.75357698668387,14374.27479836364,14029.313782484982,104789.51757642221,307293.55612380855,170421.9580590713
201,2022-10-12,94946.95772979515,19917.870183484316,28934.021243414725,814.4251143687674,20429.46659555469,3892.366518526778,112734.3538027561,281669.4611879005,186981.33083431606
202,2022-10-13,88267.79079563494,18478.050048080397,29761.433750894557,612.0872605732662,17076.329935952384,1980.4288142098665,120230.44007473718,276406.56068008253,175358.86007540478
203,2022-10-14,100744.82068638798,21778.02500681001,24407.463087229982,598.5148089447273,24145.96239969641,14889.290599678425,124255.41027896137,310819.48686770885,197932.74099350726
204,2022-10-17,97228.83171554157,25007.532324058317,21967.922282574524,1589.8205021854744,18606.634720449052,2328.7734471128424,160532.72202812403,327262.2370200458,215699.7020011009
205,2022-10-18,90458.61100275927,20788.3212592926,19238.45528378115,547.3533180767022,21324.210071746144,7484.661064765518,167395.42823792892,327237.0402383503,210913.8773200666
206,2022-10-19,82441.8247168527,19967.288059813345,27674.35477655544,3202.3925191884036,21605.947446787057,2804.9898523149077,196110.42427063442,353807.22164214624,233963.12556169735
207,2022-10-20,64495.11096763529,24591.013713334753,27582.922878197758,2573.8405073503523,23818.626681894053,4011.0496665860787,193056.4045131505,340128.9689281488,220688.57243438848
208,2022-10-21,62736.26319171355,27654.196910136397,35564.849154227144,1503.0241642804103,24270.687887588716,14242.608841286501,186563.311618074,352534.94176730677,218711.27699300885
209,2022-10-24,58448.33561359701,24252.454822878157,23782.890374941995,167.43856580779018,17743.008900134304,2751.698132156194,193981.23248709887,321127.0588966143,223425.4601727533
210,2022-10-25,67540.56915033373,24516.174691926873,32526.615212033452,850.2990524239544,23327.25663044254,3437.616623486849,211862.4703739384,364061.00173458585,253247.47115339787
211,2022-10-26,56276.65806822112,26304.416984316158,26068.01362661006,1404.9419678708223,21373.940114753626,5273.850485613172,206747.03589416572,343448.85714155063,251341.94953959747
212,2022-10-27,49472.1221265026,24792.393233015973,9757.308647828293,1219.5902682819135,19578.6519172752,3560.8765993959814,242193.02454483372,350573.9673371337,268958.706043575
213,2022-10-28,53380.95050423815,30044.52640698473,8578.553123499509,1200.492912466294,23269.430275942286,2444.1780008730566,241714.6475047298,360632.7787287338,267663.8807441675
214,2022-10-31,50823.40066587408,114689.01775613023,7178.841060299179,1008.8181491829619,20948.360739243933,12901.033460243883,223814.14146080767,431363.613291782,259489.45814177478
215,2022-11-01,49499.05610349304,24308.142198164143,5820.843281158078,869.0354273083069,22937.80890043759,4031.785845647591,221898.799546244,329365.47130245273,237627.62759484115
216,2022-11-02,49711.00014298672,22775.88144032684,7395.681389171437,3089.8619265945063,23453.821605631365,12115.669171416388,222668.05369696178,341209.969373089,242689.39782071311
217,2022-11-03,52978.98376572101,23020.414243451614,5509.763404605353,681.5151200572041,23359.552924629552,12201.627862484722,208421.58889364355,326173.446214593,227181.5113765871
218,2022-11-04,44657.99236497715,27579.682536251676,10925.866419222397,1688.5018524954858,24663.795506153332,9912.051401192835,221160.94755044198,340588.83763073484,251978.19264120318
219,2022-11-07,28827.721691716444,18907.12338582867,8083.869066244104,1028.654332836273,20935.017424568818,4749.330486115942,244330.1976020586,326861.9139893688,252800.64379377692
220,2022-11-08,46025.83851917717,20181.49890183201,8089.056434842126,1598.7009811913215,20207.306183120134,11517.34863942878,239193.00382638696,346812.75348597846,259810.4347088334
221,2022-11-09,43176.896735495335,20656.947451265438,6791.583136308049,572.237111426223,23079.250975495775,5639.058957771619,223819.63703136222,323735.61139912467,211396.2146662511
222,2022-11-10,35365.651984698816,21478.88300502825,6274.621108658987,182.02891339681904,20845.352438354726,4805.496141440393,230932.8006258034,319884.8342173814,226337.72247603763
223,2022-11-11,57317.08022611475,19763.596809197006,6876.306319495439,733.1476062149103,24564.12868779141,16046.800710890773,248028.32780810032,373329.38816780463,257035.11299392142
224,2022-11-14,66167.6631741691,22920.67803861366,6979.081808034343,2099.653601439593,24988.890774616775,11008.191438114904,242675.1853083574,376839.3441433458,244343.72422109148
225,2022-11-15,67550.40189073732,20321.39279542255,11109.603116114287,1067.381573483674,22966.936301344667,4887.205757638667,256058.69724354622,383961.61867828737,282902.537708679
226,2022-11-16,78093.2272609792,18801.194494148065,8325.1656055088,630.5778620903291,24600.25403248934,4586.598267186809,264975.8019672108,400012.8194896133,291329.6307556637
227,2022-11-17,77010.747673665,19630.846816601155,8952.471590473662,2200.5337647195734,24376.714327060305,9923.21387151611,278641.84625693073,420736.3743009665,318712.519347222
228,2022-11-18,65762.33621777447,21662.900146142278,16545.147325129416,1486.6018244836498,21111.933456397543,2033.5357009433387,288722.0392063931,417324.4938772638,327977.0709727802
229,2022-11-21,60785.068497455904,46048.21174321722,5106.8566308166455,944.8737383146178,21183.55194791698,18046.10530165456,322861.5842863226,474976.2521456985,342983.14079823735
230,2022-11-22,85958.63581681107,23251.823319464223,4427.062630465717,604.810354756472,22904.089654137082,3585.6740810427173,315265.1285853572,455997.2244420345,349092.6785189844
231,2022-11-23,112130.0531743601,22823.67830421496,5153.1630182344325,884.3045106649901,19832.49818770505,3549.472811000136,312442.3503169993,476815.52032317896,369577.4321447091
232,2022-11-24,102905.20485381593,22592.51967807137,6217.944973271209,150.86070654459527,13221.472793892666,2330.550899434188,325944.42786468216,473362.9817697121,357954.62609316566
233,2022-11-25,104889.43273996991,21351.7398724289,5280.034376785268,2901.3978066857458,10971.89711096948,14861.740778256293,325636.7778278368,485893.0205129324,358664.8259254183
234,2022-11-28,91110.05249753244,23796.450714384508,4322.500657980309,4092.925215765134,20907.284746903093,10620.449533144403,329110.9149881273,483960.5783538372,354807.38927202905
235,2022-11-29,83311.34029255409,37873.369945161015,5704.375917476524,1250.53197127243,21128.49134590873,29284.459633454313,376300.79815552774,554853.3672613548,399695.6584356889
236,2022-11-30,117096.76389086082,93117.65227019864,4566.006890219858,2713.528162720827,20102.649869257348,9643.386974382256,393959.7914806346,641199.7795382743,450212.5666711865
237,2022-12-01,121418.37161519402,24799.82704212841,4692.868508724031,1314.4827554688457,19895.51389309357,6242.134977361699,351789.98287513945,530153.1816671101,414233.04906237155
238,2022-12-02,97190.88773059349,26773.041598486998,8601.0247770882,1128.4754383468044,23697.95197821594,16567.547751511684,360010.77756701055,533969.7068412537,403034.4294488911
239,2022-12-05,72896.96412029187,25132.084919732406,4279.435792701919,1599.4537687539885,21599.460552146364,8153.809166603578,345795.5168343519,479456.725154582,358249.01228444104
240,2022-12-06,79148.0424399455,24297.47883273081,5724.057351038288,3199.1298217624194,20031.004125561238,6100.416320078089,358670.10594671674,497170.23483783304,348683.0728344547
241,2022-12-07,75789.81182338536,21919.16500469567,8005.3463700463235,939.2343441577383,23868.54509457289,11212.482710353235,340623.4801504983,482358.0654977095,347611.7553016385
242,2022-12-08,98939.22872425348,21136.37586288733,7839.28244666362,5395.439120524904,22104.598516836006,4880.545068165958,354678.23906028434,514973.7087996156,353660.916372435
243,2022-12-09,90801.62209876324,24197.279740080055,9276.894255814173,1351.0869466369365,18821.6863066644,3547.8244427009713,380242.1480034558,528238.5417941156,390742.1437201652
244,2022-12-12,74685.13389971205,18839.03850077643,5117.1726493365595,1552.613802072266,22300.909427286828,19223.673122063825,381154.5409736128,522873.08237486077,396583.32970019215
245,2022-12-13,84705.97073916251,27574.633584627914,5884.288329323945,686.3639128437195,21022.23330390853,8327.499440178026,350444.8226308623,498645.8119409069,368254.90669625317
246,2022-12-14,88698.28610392576,20075.77819546296,8425.33388837821,605.9487499010426,24013.15517119886,16265.288687389751,315626.5845167386,473710.37531299517,327975.2122036312
247,2022-12-15,85286.89630521118,24563.95860411615,6285.247405500055,442.0433176841114,22200.94248998926,2840.5280469329105,308053.622628887,449673.23879832064,320223.53083799017
248,2022-12-16,73849.50301153123,20237.402575030585,12188.599824127909,781.2332429423511,22819.382187674568,15447.037749880852,299801.2340831402,445124.3926743277,282843.9795246432
249,2022-12-19,52857.26176554445,16451.642823468315,6540.836922361894,1716.8853173232465,17944.884721745027,2926.5571140595666,278347.3869195963,376785.4555840988,279231.1281351271
250,2022-12-20,53062.06802350848,651487.6063300471,5926.912278582789,57.86829952058271,17903.170484946673,20049.59622825646,254715.518189807,1003202.7398346692,701439.3692453605
251,2022-12-21,70757.1049542876,18926.86418377872,5279.890277514703,5923.601128391911,24893.20872083827,2244.762040099011,261687.32345889552,389712.7547638057,270633.46995945385
252,2022-12-22,43569.367435841756,18157.83552663106,3924.612168757782,559.1202965564331,21940.88856031578,17011.316246366343,240113.90877926146,345277.0490137306,246348.88520161822
253,2022-12-23,45791.915353713186,19207.597341437813,5965.1485357122065,1814.9679135163315,22809.67188639707,23555.960203065348,252156.35411634433,371301.6153501863,271550.4987551541
254,2022-12-27,55598.48686933309,19698.671164320123,7542.940524355245,1264.5225861608994,15443.371310314573,9081.817732543128,256397.23672193175,365027.0469089588,262954.77503384737
255,2022-12-28,68587.61458819141,16127.192095464963,6054.703876289835,1907.7169926291283,24361.32366007809,2570.314197428002,252445.33480825613,372054.2002183376,281301.1481053782
256,2022-12-29,62985.13245648846,19773.654529086252,15073.23665748931,3091.7373823444677,23320.31877228406,8198.336704004045,248718.0820236065,381160.4985253031,255891.15507699028
257,2022-12-30,58779.467494430195,95364.37495215218,9347.056350734738,10315.85964665854,24509.47460370587,18889.22141172181,246405.34827754888,463610.8027369522,271203.7917268366
258,2023-01-03,57097.62620248539,17618.396163521127,14617.18476107048,1089.2153273271433,19011.90186055645,19690.229144513723,236846.45678882633,365971.0102483006,250024.1272250749
259,2023-01-04,76517.83335186333,24360.063736273707,13317.584696392323,552.7033674926331,33052.34574422367,11696.418949587554,241461.4870391612,400958.43688499444,269992.3746208998
260,2023-01-05,50600.145172106844,15153.982066847375,11758.043806525086,1904.6368142846186,28868.211611963547,9539.64857296874,268042.5379524834,385867.2059971796,282641.163455731
261,2023-01-06,70441.28225792796,22105.323342403506,7920.674844214544,498.73370081472325,32113.269105513948,12799.270638502061,336289.8239261575,482168.37781553424,327065.3139131176
262,2023-01-09,51411.72881186572,18778.951328421383,11961.57488740501,931.2786475008081,29453.820863283785,13146.700772369355,334587.2304012847,460271.2857121308,354917.8439299195
263,2023-01-10,77489.06478222818,16088.879969409858,13383.824572729443,315.8387304836026,16298.381615936758,18634.448702963666,311927.70890644426,454138.1472801957,321482.3615900998
264,2023-01-11,53069.27110760787,18373.789706261643,12703.573335096553,554.7870871359189,30918.461278785628,3948.7212060838856,301823.33278695657,421391.93650792807,326734.185690652
265,2023-01-12,68610.82714596431,17803.176312405896,8295.254135295016,3493.9087521263623,25082.044774176848,6745.288788032685,265768.59609983617,395799.0960078373,290230.3167353891
266,2023-01-13,64692.02218236574,22956.447889830008,19231.12282951905,6427.031717466952,29154.322587376213,30911.656752138762,255586.22292011534,428958.82687881205,263502.7174418113
267,2023-01-16,64116.656620725895,21029.348670971813,11607.536022232001,5342.403528136384,16241.344480570144,6096.743060198435,249534.43716117213,373968.4695440068,259279.44903051507
268,2023-01-17,85032.00812068945,19870.815357458687,20725.845231621537,1553.4834097973358,19453.789127343756,6740.29538762506,252914.51049424498,406290.7471287808,273630.7276949484
269,2023-01-18,92501.09770217228,19990.923952133697,14048.461243533524,932.6230762774101,14739.437868697474,15468.824582628324,251756.28853138836,409437.6569568311,277390.9945836143
270,2023-01-19,101914.31205374417,22110.898259372927,14614.274049228154,7515.684449941965,34594.24377268374,19995.75184351294,280162.08002813166,480907.24445661553,316534.9691068173
271,2023-01-20,96876.57198580449,20632.57649238253,8364.890634115116,4052.0827606358966,36886.77222357006,14252.290172004006,265188.215467907,446253.3997364191,289943.854892865
272,2023-01-23,79975.37252895029,22396.556370722534,5024.295379475202,3402.0428100578824,39292.70356538684,16770.55442486179,256333.35491419054,423194.87999364507,268303.33512311534
273,2023-01-24,67932.9404036675,23128.946281270488,12708.390854588964,15828.023910245103,35142.72123442431,30107.36166005047,259145.14535829224,443993.5297025391,274737.236677737
274,2023-01-25,53623.89462954905,21746.11660356567,16412.59974844222,161.5057913457459,24931.67001616101,4114.946008601933,250262.32508046017,371253.0578781258,275392.6653651935
275,2023-01-26,47400.197384553285,22196.801763099833,14100.667874901506,11246.796658605685,32349.033304020333,3362.3138645574727,245480.68782922215,376136.49867896026,272894.9949080216
276,2023-01-27,59896.14466285531,25242.20031408993,9108.418826798745,11136.093701889515,34989.44071924623,14483.292874736322,262102.01523404053,416957.6063336566,314144.2121436135
277,2023-01-30,60620.75849817487,22090.417369112303,4123.300226790911,24789.85056600475,32765.557184193098,44622.46129526645,257674.62996237335,446686.97510191577,295189.0591626458
278,2023-01-31,64749.239994442236,72675.18150551313,7941.308739610008,11119.119899491674,28130.575228063586,15333.951546056187,250443.84150139542,450393.21841457224,287725.594209722
279,2023-02-01,63524.326826284654,19991.5727649429,3726.9594785686786,3159.189978099909,33171.180237207525,13514.047759149336,252475.5757999735,389562.8528442265,257046.05665702026
280,2023-02-02,59141.30937999246,18850.24090444796,5222.336209672848,894.663312659324,34936.54281458373,8413.669383130795,248337.19571037777,375795.95771486487,257404.3031832772
281,2023-02-03,83009.2719678049,21993.70589626653,7607.569207479858,2683.707231135994,32548.953077009224,3469.392695679261,239566.3408506106,390878.9409259864,257869.80796522528
282,2023-02-06,72652.87214116461,23684.966607354432,3304.072617760128,16629.048308510915,34466.98351278964,65505.993487487256,221804.14421201058,438048.0808870776,252403.23167837385
283,2023-02-07,77913.20161956488,20394.51017672987,5943.38962195671,2969.0746036095284,34993.54964831867,38268.04768076361,243565.95484149805,424047.7281924413,266841.7785172064
284,2023-02-08,52846.8951202737,20289.762859954877,7962.498029488995,9922.781277080261,36468.255736855426,14683.34165692525,248715.01675907936,390888.55143965787,266313.48669354327
285,2023-02-09,66482.25629862885,19702.681058128102,11900.727492027447,6613.5600029165835,36546.63418116891,2785.413299178239,245014.10046668083,389045.372798729,258580.6780097989
286,2023-02-10,59662.847725275205,16991.48691661538,5037.815901605033,11466.532935689489,34225.06216497487,9201.762710110988,260059.8410411279,396645.34939539887,298933.39127185853
287,2023-02-13,73759.51981490078,24433.227992507138,7919.951808513453,1710.973793873476,29814.564026999087,1695.3841377537303,268843.62881627475,408177.2503908224,313551.55349375453
288,2023-02-14,91023.89199781521,18886.99981359414,9843.372209475116,11843.484878390615,34324.5909358222,39737.49824187425,274115.0806984632,479774.9187754347,323092.3353284862
289,2023-02-15,68226.55246651084,17045.2543728715,7870.466409214439,1836.2869782599348,31099.63110274192,9895.704390015038,266190.0302240039,402163.9259436176,313977.4322734492
290,2023-02-16,79216.72856196045,15484.06213859951,16221.642422963072,663.2972456234668,27217.490936395974,15164.329797657103,256984.96288141466,410952.51398461417,285557.7524671471
291,2023-02-17,79593.62032349125,24288.627575684244,8097.3975949211335,1648.040636880265,31372.534322283103,5577.004590150121,255852.14469928294,406429.36974269303,285885.5136062208
292,2023-02-20,61015.986938046386,175312.3475920761,4698.7628195206935,3330.5447793908425,23688.24807398163,13808.221964191038,206693.4246292064,488547.53679641313,293290.6164816111
293,2023-02-21,68276.75879300685,175359.0965524258,7287.6700346971875,8006.355651540836,21363.961525082115,21225.886279001563,207844.1693960026,509363.89823175693,299787.53370407154
294,2023-02-22,62006.843095499986,19507.964672014365,7826.385086999879,8955.052459014954,29968.013245203645,33797.84048398402,200583.30244609126,362645.4014888081,227421.57030412965
295,2023-02-23,68462.06644862054,23647.682941004066,8870.626825877223,15790.362220675788,30240.909502443705,10515.131221777678,206157.3430363906,363684.1221967896,242626.68433666127
296,2023-02-24,71616.24409704754,22370.69012879761,6160.546179826114,3407.165425440239,35394.38728839835,9651.507620132934,177809.7196669359,326410.26040657866,206924.9737139221
297,2023-02-27,78640.25916578033,16879.284639766254,4096.79359775138,1449.4869042411883,33808.08707620151,5708.489985208909,187078.8907627598,327661.2921317094,234360.40227024007
298,2023-02-28,92624.7099650967,227392.597561674,4202.11137534152,2246.789521780708,31472.616013511666,1737.6321306986197,182637.18462844155,542313.6411965447,343521.54977749934
299,2023-03-01,79763.775858776,11244.755539841852,4729.7731176547695,2975.504189984349,28726.36590668027,30451.085320701237,183649.68761518365,341540.94754882215,227585.210955559
300,2023-03-02,73186.19677296825,15276.839533426419,6478.898448800417,468.16009843669553,20155.40609481773,20375.612901749995,172805.51176177186,308746.62561197137,204029.90774196666
301,2023-03-03,67733.43700184209,17767.91931644284,17396.723798178617,2701.2527307498844,34477.63337812324,6189.508695835211,161620.26468188575,307886.7396030576,188232.17266413508
302,2023-03-06,73533.74697813159,15314.255287481039,4205.3182193502835,1120.7040937729962,33076.63581247177,23122.59754547451,169656.5706817647,320029.82861844683,211069.15217808908
303,2023-03-07,83952.24465856634,15454.519769998227,5899.070303629671,3558.851696908955,35046.78260795171,31956.97081909308,173227.67107237453,349096.11092852254,240693.82905453508
304,2023-03-08,78038.46480284834,20890.40897132981,7924.45231702772,333.1978336910174,23258.729722704284,25208.77957594404,170305.68417966008,325959.7174032053,210029.7064822942
305,2023-03-09,77993.9432194245,24622.833688590224,5748.146706878343,372.1612044079639,34148.36421073164,38732.253882446304,174858.81693311335,356476.5198455923,207636.62768651271
306,2023-03-10,77842.1743099515,23903.461643379153,7215.500316129363,9491.594337368157,34994.59064590994,39641.6232781562,169809.3711679037,362898.315698798,227839.5329785425
307,2023-03-13,75519.86601725362,12016.099599862457,5935.584022295866,911.167065605023,21598.241036878288,3117.6960368951068,180980.42429610307,300079.07807489345,212894.7969216606
308,2023-03-14,93766.54674273275,22233.142682243626,8639.24461648202,1204.4637809400515,25736.908459781,1989.015649670006,180937.54461472906,334506.8665465785,247654.0493569741
309,2023-03-15,78742.75394123816,22246.615509398354,4525.126598705139,19523.982894300672,30965.83065897227,22953.40624078856,172675.47335640687,351633.18919981003,222324.05128432685
310,2023-03-16,68964.2769332716,15180.471454992154,7519.457346120459,2403.067588307029,34996.59888402195,5852.004929389165,187708.62022736514,322624.49736346747,227579.20000344192
311,2023-03-17,71840.02950359283,24146.30933627667,6969.348345454042,5310.386522075747,34369.15221948141,21603.334691690256,193429.40350616165,357667.9641247326,232766.627000134
312,2023-03-20,74802.91359531455,18365.111637322818,6444.599348777838,1051.5008480366469,33450.689461524846,10503.398400148668,198035.09367143566,342653.30696256104,242118.8293145876
313,2023-03-21,67560.15866284337,107641.08633198624,7227.761544476385,5842.814002611024,29725.09681489505,1901.8135808781742,199688.65797446272,419587.38891215296,266074.89846025134
314,2023-03-22,92519.71794651003,15967.891601626003,6761.208998382991,532.5574583946594,26335.984589132113,2138.8578813196923,219382.91329283468,363639.1317682002,271158.5114075343
315,2023-03-23,81446.16775466372,22767.347224925736,6241.406843802496,4764.034284047178,26200.496547767878,5035.818515927366,223435.98213079496,369891.25330192933,250160.30381716366
316,2023-03-24,76117.02066745097,14438.08815588355,9492.119199769124,450.8043824031676,30151.316505828006,2756.0220151537546,225696.56685414576,359101.9377806343,259177.80232856085
317,2023-03-27,78536.62665155981,18206.78351635999,11941.448370020351,11675.999864690704,29345.999463792166,3017.859540807766,231486.35853019837,384211.07593742915,259786.4493434759
318,2023-03-28,88961.76748678008,15491.493234500313,6154.654153760833,47690.1234229941,33101.58933239816,43235.443037657555,246971.58223547458,481606.6529035656,313913.31193963677
319,2023-03-29,71321.17856322788,16284.788160616448,8427.560824965783,10156.024282748756,34998.02227953618,6030.780839853413,237532.01573887139,384750.37068981986,284976.5055632286
320,2023-03-30,73052.90697540602,17333.799154906945,8446.790641297608,951.2636647560918,22986.940606080672,6707.727663035312,234313.0108679143,363792.4395733969,283235.29582677747
321,2023-03-31,71947.25860453113,17539.596234940815,7426.413691128196,6115.5882297145645,23672.233413020473,16141.52255826828,202867.40832112936,345710.02105273283,260704.45156128381
322,2023-04-03,73522.72614383338,22866.26892062745,13922.115719158748,1585.7345858056663,25750.182732483096,2104.2068762596487,186834.40869823773,326585.6436764057,216438.72596643885
323,2023-04-04,91094.76750839494,11945.604210633794,8680.927659651266,6018.109249875605,26297.253342940232,13920.272753852534,154622.1560767764,312579.09080212476,213115.3197675559
324,2023-04-05,93947.3640638626,18541.766255259412,24825.955745809588,921.8607148783059,33377.123967085376,875.5400995888876,152023.06311525643,324512.67396174057,233507.11222696814
325,2023-04-06,83882.78885844881,19374.92995149972,12768.412840964096,389.28513689369515,27320.454811445896,2571.3774609550383,148532.62346986882,294839.87253007607,232383.77525594685
326,2023-04-10,82815.57275711055,16612.177641281596,8974.926543918476,5389.450979201224,27054.40322493056,14711.846804210041,155012.472937054,310570.85088770645,232028.98518018055
327,2023-04-11,76799.3454599541,20795.176784360883,7778.327090507973,2565.732192059245,25477.79531330857,10300.547549588691,155622.84421353828,299339.7686033178,223748.33580787867
328,2023-04-12,84686.2306058832,21741.191861704225,24703.586558053383,951.5120393471772,27075.381046975686,16318.09486664089,153239.80497819296,328715.8019567975,192756.9677993661
329,2023-04-13,94624.09400085981,19265.454176737967,21831.119125230496,6667.415855209424,27134.323641642117,4306.771827706635,153733.08273032765,327562.2613577141,223114.02802488607
330,2023-04-14,95121.51968879729,22058.221990316193,31179.100086398103,6381.216677043637,33076.153630190915,26241.312443923758,136150.87682783304,350208.4013445029,217256.46736467857
331,2023-04-17,85403.39956502589,10384.243467685412,11603.271925415536,538.1553562836756,29909.675795962998,1841.2481008403608,129774.18556341052,269454.1797746244,200364.20231559686
332,2023-04-18,79857.07338427608,14300.634359465446,13764.37214439811,586.1055955154532,27336.294601338905,1961.7355936220877,123397.68451778068,261203.90019639675,185931.3032831362
333,2023-04-19,80768.98170460301,15462.334692596633,12110.928566481038,8365.828099644305,34192.87389489861,3825.5707884313924,115514.2698386414,270240.7875852964,191372.17219138506
334,2023-04-20,98845.2892868239,356692.31788491714,20849.848096369307,948.0119147659886,34770.70721078347,3739.7859148974135,121022.86973852022,636868.8300470774,421358.1280013392
335,2023-04-21,99371.6257291396,16764.233366407716,13248.113196257087,2055.2777950447135,19260.989184614693,4650.710925136386,119948.87834518799,275299.82854178816,198293.67335893714
336,2023-04-24,115829.30413475064,15696.930527460076,6852.564182328637,6416.471473022736,29302.743594460917,16877.98703666304,123298.27183253797,314274.27278122405,230062.574495811
337,2023-04-25,111122.88895140238,13866.942815758843,9517.71060557215,5498.2908923089335,27595.620453765965,5983.0769141837445,118929.94940290847,292514.4800359005,209646.71389415793
338,2023-04-26,114380.24814576244,16358.357475533736,19714.508052204543,2564.716940556257,34678.93943564083,9706.071672650975,118254.55726728565,315657.3989896344,228701.656092784
339,2023-04-27,94350.68883693767,21781.23636990481,8312.541272278031,642.8888215149547,25922.69959221999,13779.058313244506,118436.92185806343,283226.0350641634,219589.5305550008
340,2023-04-28,91845.33000725994,94278.58034081369,9297.392073911156,3480.016426604424,34194.61856781773,21482.9501922107,121529.22958746809,376108.11719608575,230086.8589419798
341,2023-05-01,86468.49857536222,10878.838940445812,12334.135120148983,2815.1287351946858,34893.76049816454,1074.2300098171788,124562.41057805973,273027.00245719316,208302.92230197755
